Date,Open,High,Low,Close,Volume
2010-01-04,109.82,110.14,109.31,109.8,16224044
2010-01-05,109.88,110.39,109.26,109.7,14213049
2010-01-06,110.71,111.77,110.41,111.51,24990473
2010-01-07,111.07,111.29,110.62,110.82,13609730
2010-01-08,111.52,111.58,110.26,111.37,15896296
2010-01-11,113.34,113.59,112.52,112.85,17252989
2010-01-12,112.38,113.05,110.14,110.49,29182550
2010-01-13,110.92,111.57,109.57,111.54,20013968
2010-01-14,111.51,112.37,110.79,112.03,18316938
2010-01-15,,,,110.86,0
2010-01-19,110.95,111.75,110.83,111.52,10474427
2010-01-20,109.97,110.05,108.46,108.94,17539029
2010-01-21,108.48,108.78,106.61,107.37,25753624
2010-01-22,106.93,107.68,106.01,107.17,24213570
2010-01-25,107.44,107.72,107.07,107.48,13200462
2010-01-26,106.87,107.99,106.75,107.56,12297082
2010-01-27,107.53,108.8,106.16,106.53,19005019
2010-01-28,107.18,107.23,105.18,106.48,16800449
2010-01-29,105.88,106.3,105.27,105.96,20278962
2010-02-01,106.64,108.48,106.37,108.35,14901855
2010-02-02,109.16,109.6,108.61,109.13,14328266
2010-02-03,109.1,109.54,108.43,108.7,13393185
2010-02-04,106.79,106.8,103.75,104.37,39991882
2010-02-05,103.76,104.68,102.28,104.68,32659994
2010-02-08,104.41,105.14,104.0,104.04,17182696
2010-02-09,105.18,106.15,104.87,105.41,25969130
2010-02-10,105.13,105.5,104.11,105.12,16280928
2010-02-11,105.58,107.56,105.27,107.13,19350031
2010-02-12,,,,107.04,0
2010-02-16,109.45,109.87,109.1,109.62,20904487
2010-02-17,109.66,110.01,108.87,109.25,19593363
2010-02-18,109.61,110.11,109.19,109.98,19177327
2010-02-19,109.32,110.39,108.81,109.47,21929976
2010-02-22,109.86,109.97,108.66,109.07,10746802
2010-02-23,108.84,108.91,107.65,107.89,13634057
2010-02-24,107.33,108.16,107.1,107.36,17207327
2010-02-25,106.7,108.7,106.6,108.31,23400303
2010-02-26,108.89,109.6,108.41,109.43,13036630
2010-03-01,109.48,109.9,108.97,109.43,12830851
2010-03-02,109.86,111.45,109.86,111.02,20106989
2010-03-03,111.46,112.18,111.18,111.63,16222018
2010-03-04,111.25,111.37,110.22,110.83,12951884
2010-03-05,111.13,111.75,110.8,110.81,11091383
2010-03-08,111.22,111.3,109.52,109.88,12760303
2010-03-09,109.16,110.16,109.04,109.72,12652902
2010-03-10,109.94,110.5,108.02,108.47,21990951
2010-03-11,108.28,108.65,107.86,108.6,9521553
2010-03-12,108.56,108.77,107.45,107.95,11849453
2010-03-15,108.16,108.56,107.82,108.36,7700873
2010-03-16,110.02,110.57,109.7,110.4,17754514
2010-03-17,110.18,110.46,109.55,109.59,13784691
2010-03-18,110.1,110.61,109.5,110.34,13853486
2010-03-19,110.26,110.29,107.85,108.28,24329081
2010-03-22,107.31,108.0,106.95,107.75,11586675
2010-03-23,107.5,108.5,107.34,108.32,11282995
2010-03-24,106.94,107.07,106.24,106.3,14240952
2010-03-25,107.0,107.25,106.48,106.78,16871366
2010-03-26,107.16,108.7,106.82,108.59,17435123
2010-03-29,108.87,109.17,108.4,108.75,11530584
2010-03-30,108.57,108.66,107.87,107.97,9818399
2010-03-31,109.44,109.5,108.85,108.95,14006724
2010-04-01,,,,110.26,0
2010-04-05,110.56,110.98,110.27,110.89,8210364
2010-04-06,110.89,111.51,110.83,111.03,10324193
2010-04-07,111.85,112.93,111.77,112.49,19145114
2010-04-08,112.47,112.98,112.13,112.65,12448068
2010-04-09,113.09,114.07,112.74,113.64,16428528
2010-04-12,113.64,114.13,112.98,113.01,11120557
2010-04-13,113.12,113.16,112.06,112.69,11261970
2010-04-14,113.23,113.66,112.78,113.03,10573838
2010-04-15,112.9,113.71,112.85,113.65,10955307
2010-04-16,112.5,113.07,110.54,111.24,24575679
2010-04-19,110.88,111.36,110.67,111.15,7996070
2010-04-20,111.73,112.21,111.33,111.46,7020159
2010-04-21,111.82,112.64,111.48,112.31,6843810
2010-04-22,111.79,112.01,110.76,111.84,9605438
2010-04-23,111.26,113.3,111.09,113.19,12506206
2010-04-26,112.88,113.2,112.63,112.75,8337739
2010-04-27,112.43,114.82,112.34,114.63,25057029
2010-04-28,114.03,114.99,113.63,114.31,26899066
2010-04-29,113.85,114.52,113.84,114.28,10381846
2010-04-30,115.26,115.7,115.21,115.36,13406375
2010-05-03,115.91,116.28,115.53,115.73,13571133
2010-05-04,116.39,116.43,114.17,114.87,21520139
2010-05-05,113.58,115.24,113.31,115.09,21616623
2010-05-06,115.62,118.62,115.57,118.49,50543774
2010-05-07,117.64,118.88,116.74,118.27,34276275
2010-05-10,117.5,117.9,116.81,117.57,28433779
2010-05-11,119.46,120.87,118.97,120.66,36731739
2010-05-12,121.28,122.24,120.77,121.4,32703533
2010-05-13,121.29,121.71,120.1,120.56,22340481
2010-05-14,121.88,122.02,119.12,120.37,34645679
2010-05-17,120.55,121.12,119.29,119.36,27898197
2010-05-18,118.86,120.32,118.5,119.49,26595950
2010-05-19,118.19,118.43,116.08,116.63,34412704
2010-05-20,116.14,116.95,115.18,115.84,28908168
2010-05-21,115.05,116.24,114.51,115.22,20098278
2010-05-24,116.34,117.17,116.04,116.84,14336746
2010-05-25,117.16,117.52,116.82,117.36,21232666
2010-05-26,118.58,119.08,118.32,118.47,13153439
2010-05-27,118.16,119.04,118.14,118.69,10424769
2010-05-28,,,,118.88,0
2010-06-01,119.88,120.25,119.63,119.91,12207708
2010-06-02,119.35,119.88,118.72,119.78,10348182
2010-06-03,119.16,119.39,117.48,117.96,13861386
2010-06-04,117.96,119.39,117.05,119.19,16536585
2010-06-07,118.73,121.8,118.62,121.49,20246173
2010-06-08,121.61,122.45,120.66,121.0,23410223
2010-06-09,120.48,120.99,119.51,120.56,12884566
2010-06-10,119.36,120.04,118.83,118.98,13687871
2010-06-11,119.88,120.41,119.33,120.01,7830520
2010-06-14,119.63,120.26,118.96,119.6,11004042
2010-06-15,119.71,121.03,119.48,120.99,15073837
2010-06-16,120.68,120.89,120.04,120.33,10505517
2010-06-17,121.64,122.41,121.49,121.9,19799687
2010-06-18,123.04,123.5,122.81,122.83,19430908
2010-06-21,123.09,123.11,120.36,120.39,20041604
2010-06-22,121.16,121.59,120.87,121.45,12944685
2010-06-23,120.89,121.02,119.77,120.95,14120709
2010-06-24,120.76,122.16,120.67,121.3,13140891
2010-06-25,122.75,123.13,122.49,122.76,9990880
2010-06-28,122.79,123.56,120.81,121.09,19655951
2010-06-29,121.05,121.82,119.03,121.27,17337148
2010-06-30,121.07,122.09,120.88,121.68,12016230
2010-07-01,120.91,121.03,116.98,117.04,33248896
2010-07-02,,,,118.49,0
2010-07-06,117.67,117.72,116.3,116.51,16849131
2010-07-07,116.57,117.78,116.5,117.73,10933967
2010-07-08,117.39,117.41,116.1,117.21,11315983
2010-07-09,118.14,118.73,118.0,118.36,9597357
2010-07-12,117.83,118.2,116.97,117.34,7511235
2010-07-13,118.98,119.1,118.36,118.36,8423609
2010-07-14,118.26,119.13,117.59,118.3,9576080
2010-07-15,118.59,118.7,117.73,118.23,8588898
2010-07-16,116.69,116.79,115.95,116.67,17494306
2010-07-19,115.57,115.8,115.11,115.73,15723859
2010-07-20,115.75,116.74,115.48,116.65,9267259
2010-07-21,116.8,117.0,115.71,115.85,9401816
2010-07-22,115.95,117.5,115.91,116.86,8163975
2010-07-23,117.12,117.47,115.79,116.09,8335429
2010-07-26,116.38,116.47,115.3,115.52,11223640
2010-07-27,114.95,114.99,113.21,113.51,29529967
2010-07-28,113.48,113.93,113.08,113.78,16074252
2010-07-29,113.54,114.35,113.34,114.29,9483748
2010-07-30,114.36,115.73,114.08,115.49,10093637
2010-08-02,116.12,116.39,115.2,115.54,8473382
2010-08-03,115.88,116.44,115.81,115.99,5585138
2010-08-04,117.41,117.65,116.65,116.72,10326181
2010-08-05,117.01,117.1,116.35,116.98,7026267
2010-08-06,117.99,118.42,117.49,117.84,10001961
2010-08-09,117.76,117.85,117.23,117.4,6754905
2010-08-10,116.59,118.09,116.4,117.73,10444819
2010-08-11,117.74,118.14,116.58,117.34,12436882
2010-08-12,118.56,118.86,118.46,118.77,12326949
2010-08-13,118.82,118.89,118.36,118.74,10214530
2010-08-16,119.7,119.82,119.46,119.73,8954062
2010-08-17,119.75,119.97,119.6,119.75,9145319
2010-08-18,119.23,120.51,119.0,120.22,12105463
2010-08-19,120.65,120.99,120.11,120.39,10015407
2010-08-20,119.97,120.07,119.45,119.97,10682814
2010-08-23,119.91,120.07,119.42,119.78,4862695
2010-08-24,118.77,120.8,118.71,120.36,14811385
2010-08-25,121.12,121.38,120.67,121.36,13996642
2010-08-26,121.09,122.95,120.5,120.96,8895558
2010-08-27,121.2,121.45,120.42,121.01,11157418
2010-08-30,120.85,121.06,120.58,120.91,4398739
2010-08-31,121.77,122.19,121.46,122.08,12257100
2010-09-01,122.15,122.21,121.43,121.69,11880081
2010-09-02,122.38,122.48,121.89,122.29,7002013
2010-09-03,,,,121.86,0
2010-09-07,122.91,123.06,122.63,122.7,8781190
2010-09-08,122.82,123.42,122.6,122.71,9792741
2010-09-09,122.44,122.88,121.38,121.56,13749732
2010-09-10,121.4,122.3,121.39,121.73,12510394
2010-09-13,121.63,122.11,121.39,121.62,9693282
2010-09-14,122.92,124.59,121.55,124.02,26588844
2010-09-15,123.97,124.29,123.44,123.94,11689007
2010-09-16,124.5,124.77,124.19,124.63,12672720
2010-09-17,125.03,125.03,124.27,124.54,13820956
2010-09-20,125.09,125.45,124.78,124.87,8479130
2010-09-21,124.77,126.17,124.16,126.01,20408305
2010-09-22,126.58,126.63,125.7,126.2,11055851
2010-09-23,126.2,126.66,125.81,126.3,9328863
2010-09-24,126.91,127.0,126.3,126.69,14948535
2010-09-27,126.9,126.91,126.48,126.72,6686128
2010-09-28,126.42,128.03,126.11,127.85,19857146
2010-09-29,127.93,128.24,127.52,127.95,12336702
2010-09-30,128.15,128.28,126.61,127.91,19213387
2010-10-01,128.72,129.07,127.91,128.91,17213503
2010-10-04,128.52,128.62,128.22,128.46,8367916
2010-10-05,130.11,131.12,129.87,130.99,17489513
2010-10-06,131.45,131.86,131.34,131.81,16142182
2010-10-07,132.6,132.67,129.51,130.37,38676787
2010-10-08,130.78,131.88,130.47,131.66,18695298
2010-10-11,131.28,132.33,130.98,132.29,10629816
2010-10-12,132.06,132.21,131.36,131.96,13295787
2010-10-13,132.73,134.31,132.63,134.07,18398457
2010-10-14,134.06,134.85,133.9,134.75,26890455
2010-10-15,134.24,134.46,133.07,133.68,26171172
2010-10-18,133.46,134.34,133.16,134.28,12301736
2010-10-19,130.46,131.59,129.75,130.11,25327162
2010-10-20,130.36,131.65,130.32,131.32,12556590
2010-10-21,131.08,131.59,128.72,129.47,21810811
2010-10-22,129.47,129.75,128.97,129.73,11889375
2010-10-25,131.16,131.38,130.21,130.85,12158348
2010-10-26,129.99,131.14,129.73,130.88,10710900
2010-10-27,129.93,130.0,128.79,129.52,16132025
2010-10-28,130.36,131.5,129.84,131.24,15895902
2010-10-29,131.48,132.82,131.06,132.62,14340787
2010-11-01,132.85,133.07,131.76,131.92,12403504
2010-11-02,132.44,132.59,131.88,132.49,9405214
2010-11-03,132.28,132.52,129.48,131.57,31705840
2010-11-04,134.64,136.13,134.24,136.03,23474598
2010-11-05,135.14,136.61,134.95,136.38,20343593
2010-11-08,135.92,137.79,135.53,137.78,17367381
2010-11-09,138.7,139.15,135.05,135.59,39445122
2010-11-10,137.03,137.28,135.15,137.24,28484613
2010-11-11,137.62,137.75,136.45,137.66,15447417
2010-11-12,135.89,136.31,132.82,133.69,35891104
2010-11-15,133.86,134.49,132.39,132.42,15096718
2010-11-16,132.24,132.38,129.83,130.97,32489668
2010-11-17,130.77,131.37,130.13,130.38,16432080
2010-11-18,131.82,132.78,131.55,132.09,16009336
2010-11-19,131.48,132.35,131.01,132.2,14148338
2010-11-22,132.13,133.6,131.69,133.48,13093374
2010-11-23,133.6,135.07,133.46,134.41,18215163
2010-11-24,,,,134.18,0
2010-11-26,132.38,133.16,131.93,133.11,7823118
2010-11-29,133.19,133.75,132.33,133.51,13983795
2010-11-30,135.21,135.75,134.78,135.42,17473063
2010-12-01,135.71,136.14,134.96,135.38,16831063
2010-12-02,135.62,136.59,135.15,135.2,17583716
2010-12-03,136.62,138.11,136.48,138.07,16520222
2010-12-06,138.14,139.46,137.73,139.11,15640795
2010-12-07,139.46,139.54,136.46,136.5,26499129
2010-12-08,135.91,136.29,133.88,134.79,23483256
2010-12-09,135.69,136.16,134.88,135.37,14157550
2010-12-10,134.94,135.48,133.95,135.41,11938169
2010-12-13,136.26,136.64,135.86,136.05,13352306
2010-12-14,136.27,137.21,135.86,136.18,17433259
2010-12-15,135.34,135.93,134.68,134.7,15089497
2010-12-16,134.21,134.23,132.86,133.81,23469056
2010-12-17,133.97,134.63,133.22,134.2,17214696
2010-12-20,135.13,135.44,134.33,135.11,13142257
2010-12-21,135.17,135.78,134.79,135.32,10242705
2010-12-22,135.6,135.7,134.97,135.05,7303863
2010-12-23,,,,134.66,0
2010-12-27,134.96,135.06,134.49,135.02,3438495
2010-12-28,136.85,137.34,136.62,137.22,10119296
2010-12-29,137.38,138.05,137.19,137.71,8444182
2010-12-30,137.58,137.71,136.94,137.03,5752073
2010-12-31,137.78,138.77,137.72,138.72,9222315
2011-01-03,138.67,139.0,137.88,138.0,11510130
2011-01-04,136.24,136.28,134.16,134.75,26154219
2011-01-05,133.5,134.68,133.1,134.37,16700803
2011-01-06,134.05,134.38,133.14,133.83,15969284
2011-01-07,133.38,134.61,133.18,133.58,16761763
2011-01-10,133.85,134.2,133.24,134.12,8429805
2011-01-11,134.79,135.16,133.96,134.91,10271745
2011-01-12,134.79,135.58,134.35,135.46,10789629
2011-01-13,135.66,135.68,133.63,134.05,14302771
2011-01-14,,,,132.69,0
2011-01-18,133.62,134.0,133.17,133.43,11599761
2011-01-19,134.34,134.4,133.4,133.72,11795120
2011-01-20,131.76,132.1,131.04,131.2,24362816
2011-01-21,130.76,131.43,130.53,131.03,19490781
2011-01-24,131.01,131.63,130.14,130.36,15127193
2011-01-25,129.65,130.27,129.07,130.1,22224453
2011-01-26,129.83,131.17,129.28,131.16,20548378
2011-01-27,130.29,130.49,127.8,127.92,33046905
2011-01-28,127.97,131.48,127.95,130.28,28096040
2011-01-31,129.27,130.51,129.25,129.87,14670003
2011-02-01,130.52,131.08,129.33,130.8,15365935
2011-02-02,130.41,130.6,129.46,130.46,1969616
2011-02-03,130.03,132.32,129.29,132.2,3435869
2011-02-04,131.89,132.66,131.24,131.61,3519741
2011-02-07,131.7,131.95,131.23,131.64,1621831
2011-02-08,133.0,133.5,132.81,133.13,4447171
2011-02-09,133.18,133.39,132.49,133.07,2257343
2011-02-10,132.1,133.3,132.0,132.85,1975765
2011-02-11,133.04,133.43,132.1,132.35,2051447
2011-02-14,132.95,133.38,132.7,132.95,3401329
2011-02-15,133.87,134.17,133.63,133.97,2371875
2011-02-16,134.27,134.85,133.46,134.1,2696012
2011-02-17,134.79,135.15,134.47,135.04,3113664
2011-02-18,,,,135.41,0
2011-02-22,136.91,137.22,136.19,136.29,3786901
2011-02-23,136.97,138.2,136.92,137.51,3583490
2011-02-24,138.06,138.14,135.75,136.45,4395387
2011-02-25,137.19,137.74,136.78,137.4,2108679
2011-02-28,137.58,138.13,137.05,137.72,1927910
2011-03-01,138.56,140.03,138.49,139.9,4246735
2011-03-02,140.16,140.53,139.49,139.93,3309921
2011-03-03,138.81,139.13,137.58,138.09,4477124
2011-03-04,138.61,139.75,138.61,139.35,3807636
2011-03-07,140.33,140.61,139.28,139.73,2571872
2011-03-08,139.62,139.66,138.84,139.36,1777367
2011-03-09,139.92,139.94,138.94,139.41,2200064
2011-03-10,138.46,138.5,136.85,137.77,3417736
2011-03-11,137.3,138.93,137.18,138.19,2538910
2011-03-14,139.33,139.55,138.61,138.86,3123529
2011-03-15,135.33,136.93,135.23,136.27,6309611
2011-03-16,136.54,137.2,135.8,136.24,3522530
2011-03-17,136.53,137.08,136.25,136.97,1838924
2011-03-18,138.1,138.82,137.77,138.37,4715861
2011-03-21,139.5,139.91,138.97,139.11,2675850
2011-03-22,138.9,139.36,138.67,139.05,2394718
2011-03-23,139.63,140.55,139.55,140.34,2663446
2011-03-24,140.34,141.28,138.84,139.22,4466342
2011-03-25,139.98,140.24,138.67,139.26,3122558
2011-03-28,137.84,138.83,137.78,138.56,1651525
2011-03-29,138.2,138.82,137.95,138.24,1582297
2011-03-30,139.12,139.16,137.69,138.67,3279744
2011-03-31,140.06,140.4,139.79,139.82,4710789
2011-04-01,138.63,139.55,137.72,139.2,4158264
2011-04-04,140.04,140.26,139.46,139.84,1454168
2011-04-05,139.64,142.09,139.52,142.05,3948062
2011-04-06,142.42,142.62,141.78,142.38,2172197
2011-04-07,142.25,142.89,141.8,142.51,1864778
2011-04-08,143.44,143.84,142.97,143.66,2713661
2011-04-11,143.29,143.49,142.28,142.62,2478110
2011-04-12,142.72,142.81,140.76,141.65,3728399
2011-04-13,142.36,142.53,141.48,141.9,3897887
2011-04-14,142.35,143.83,142.23,143.82,4317721
2011-04-15,143.88,145.12,143.57,145.06,3387456
2011-04-18,145.22,146.06,144.63,145.93,3880419
2011-04-19,145.7,146.23,145.18,145.93,2323851
2011-04-20,146.35,146.83,145.74,146.5,2933201
2011-04-21,,,,146.74,0
2011-04-25,147.58,147.58,146.42,146.87,3325882
2011-04-26,146.46,146.62,145.48,146.39,3536265
2011-04-27,147.43,149.21,146.53,149.21,4589903
2011-04-28,149.32,150.0,148.61,149.81,4989986
2011-04-29,149.91,153.03,149.76,152.36,4869972
2011-05-02,151.48,153.61,150.36,150.43,5955980
2011-05-03,150.42,150.97,148.85,149.88,6132019
2011-05-04,149.83,150.33,146.77,147.79,7883814
2011-05-05,146.77,147.58,142.56,143.47,12378312
2011-05-06,145.2,146.08,144.41,145.3,6235811
2011-05-09,146.69,147.58,146.35,147.38,2983097
2011-05-10,147.21,148.19,146.93,147.9,2061213
2011-05-11,147.24,147.35,145.77,146.54,4913887
2011-05-12,145.84,147.1,144.96,146.59,4857122
2011-05-13,146.77,147.28,144.5,145.63,4060321
2011-05-16,145.84,146.67,145.2,145.36,2333547
2011-05-17,144.21,144.78,143.43,144.74,4431022
2011-05-18,145.53,146.22,145.14,145.6,2756093
2011-05-19,145.14,145.85,144.86,145.65,1872209
2011-05-20,145.77,147.78,144.91,147.48,5653616
2011-05-23,147.04,147.95,146.99,147.82,4048347
2011-05-24,148.49,148.99,148.18,148.56,3319877
2011-05-25,148.75,149.36,148.52,148.58,2736352
2011-05-26,148.4,148.61,147.6,148.22,2983372
2011-05-27,,,,149.7,0
2011-05-31,149.88,150.16,149.41,149.64,3504089
2011-06-01,149.66,151.13,149.43,149.88,4810687
2011-06-02,150.16,150.38,148.09,149.5,3305149
2011-06-03,150.25,150.66,149.62,150.26,3212815
2011-06-06,150.82,151.43,150.21,150.48,3090906
2011-06-07,150.69,150.85,149.69,150.43,2859221
2011-06-08,150.0,150.38,149.31,149.81,2307492
2011-06-09,150.03,151.02,149.75,150.58,2220286
2011-06-10,149.02,149.77,148.69,149.24,3987370
2011-06-13,148.63,149.04,147.19,147.77,3287811
2011-06-14,147.67,148.73,147.48,148.73,2802744
2011-06-15,148.18,149.55,147.92,149.14,3892509
2011-06-16,148.84,149.41,148.22,149.01,3085401
2011-06-17,148.91,150.29,148.83,149.94,4777309
2011-06-20,150.08,150.79,149.59,150.03,2972172
2011-06-21,150.26,150.86,150.19,150.76,3351966
2011-06-22,151.0,151.85,150.56,150.99,3724934
2011-06-23,148.7,148.84,147.28,148.32,6957536
2011-06-24,147.87,148.02,146.0,146.26,4744474
2011-06-27,145.98,146.39,145.2,145.73,3291203
2011-06-28,146.16,146.77,145.68,146.24,2164785
2011-06-29,146.77,147.42,146.45,147.18,2888522
2011-06-30,147.18,147.4,145.98,145.98,3796620
2011-07-01,,,,144.94,0
2011-07-05,146.96,147.81,146.86,147.63,3365966
2011-07-06,148.71,149.43,148.58,148.9,3458476
2011-07-07,148.95,149.35,148.3,149.15,2101582
2011-07-08,150.34,150.49,149.99,150.25,3692224
2011-07-11,151.36,151.68,150.2,151.61,4253764
2011-07-12,151.25,153.31,150.77,152.79,6589519
2011-07-13,153.78,154.7,153.58,154.14,6196145
2011-07-14,154.83,155.24,153.95,154.54,4040451
2011-07-15,154.3,155.29,154.23,155.2,3631850
2011-07-18,155.75,156.58,155.67,156.57,4416968
2011-07-19,156.31,156.31,154.11,154.67,5254654
2011-07-20,154.21,156.02,154.12,156.02,3194831
2011-07-21,155.93,156.03,154.33,154.83,4397280
2011-07-22,155.98,156.56,155.69,156.08,2820760
2011-07-25,157.64,157.8,156.74,157.34,3383157
2011-07-26,156.98,157.79,156.61,157.77,2688912
2011-07-27,158.53,158.62,156.71,157.19,3974032
2011-07-28,157.54,157.6,156.12,157.32,2205766
2011-07-29,158.43,159.25,157.69,158.41,4596866
2011-08-01,157.42,158.97,156.8,157.7,3450641
2011-08-02,159.36,161.61,158.97,161.52,6408161
2011-08-03,162.33,162.86,161.34,161.41,6168064
2011-08-04,163.64,163.87,159.69,160.64,9487549
2011-08-05,161.62,162.36,160.49,161.78,6762529
2011-08-08,165.71,167.61,164.76,167.12,10617544
2011-08-09,169.98,173.13,167.49,168.61,12582944
2011-08-10,172.42,175.11,171.63,174.58,9348948
2011-08-11,172.27,172.32,168.65,170.67,10973128
2011-08-12,169.48,170.05,167.77,169.97,6079277
2011-08-15,169.32,171.9,168.95,171.8,4091911
2011-08-16,172.66,174.07,172.5,173.92,3486770
2011-08-17,173.89,174.67,173.25,174.42,3603046
2011-08-18,177.18,178.1,176.42,177.73,4998315
2011-08-19,181.67,181.67,178.91,179.99,7806156
2011-08-22,181.93,184.82,181.61,184.59,6160705
2011-08-23,182.29,183.81,177.55,177.6,13691402
2011-08-24,177.97,178.3,170.36,171.63,15515268
2011-08-25,167.28,172.8,165.89,172.23,11649088
2011-08-26,173.58,177.55,171.76,177.49,9551132
2011-08-29,176.01,176.01,172.88,173.89,5197312
2011-08-30,177.65,179.31,176.67,179.05,5327692
2011-08-31,177.75,179.16,176.33,177.65,3227649
2011-09-01,177.46,178.25,176.55,177.87,2666260
2011-09-02,182.79,183.51,182.11,183.23,5155257
2011-09-06,184.68,185.85,181.31,182.92,7548104
2011-09-07,176.12,178.08,174.5,177.08,9077760
2011-09-08,181.37,182.12,179.77,181.78,4732899
2011-09-09,179.75,181.95,179.19,180.7,5765550
2011-09-12,178.73,178.99,175.33,176.67,4103735
2011-09-13,177.55,179.53,176.29,178.54,4256923
2011-09-14,177.56,177.76,176.06,177.21,3832508
2011-09-15,174.61,174.85,172.58,174.39,5606604
2011-09-16,173.8,177.37,173.72,176.03,3733443
2011-09-19,176.83,176.83,172.2,173.27,3962264
2011-09-20,173.24,176.37,172.85,175.78,2654434
2011-09-21,174.79,176.73,173.14,173.59,3408544
2011-09-22,169.27,170.31,167.48,169.05,7245551
2011-09-23,164.65,165.72,158.55,159.8,11508061
2011-09-26,157.04,158.79,154.2,157.58,8962636
2011-09-27,161.52,162.29,159.91,160.63,4928413
2011-09-28,160.79,161.29,155.57,156.2,4037151
2011-09-29,158.08,158.2,156.15,157.7,2926099
2011-09-30,157.34,160.0,156.34,158.08,4074093
2011-10-03,161.0,161.56,159.96,160.99,3214072
2011-10-04,160.9,161.03,155.27,157.63,5041038
2011-10-05,157.94,160.3,156.45,159.49,3324185
2011-10-06,160.03,161.11,158.78,160.49,2687098
2011-10-07,161.07,161.55,158.24,159.18,2764379
2011-10-10,162.05,163.31,161.15,163.24,1900328
2011-10-11,162.23,162.49,161.24,162.1,2110325
2011-10-12,163.78,163.96,162.69,163.26,2497482
2011-10-13,162.3,162.47,160.83,162.3,1649886
2011-10-14,163.36,163.82,162.25,163.4,2321896
2011-10-17,164.0,164.15,161.95,162.62,2500821
2011-10-18,160.0,162.03,158.31,161.84,3853760
2011-10-19,161.03,161.43,159.55,159.75,2432792
2011-10-20,157.51,158.41,156.05,157.77,4645951
2011-10-21,160.04,160.44,158.95,159.52,2724762
2011-10-24,160.55,161.32,160.24,161.02,2903865
2011-10-25,161.27,166.33,160.43,165.59,4852349
2011-10-26,167.1,168.05,166.42,167.31,4627436
2011-10-27,167.55,170.29,166.7,169.94,4574872
2011-10-28,169.64,169.94,168.76,169.62,1870520
2011-10-31,167.71,168.16,166.93,167.34,2309647
2011-11-01,164.13,167.41,163.61,167.41,4662385
2011-11-02,168.65,169.73,167.3,169.06,3173964
2011-11-03,171.24,172.03,169.92,171.72,5482088
2011-11-04,171.01,171.34,170.16,170.85,2287760
2011-11-07,172.85,175.0,172.74,174.98,5564727
2011-11-08,174.29,175.46,172.9,173.53,4018902
2011-11-09,174.27,174.81,171.63,172.07,2863924
2011-11-10,172.46,172.59,168.88,171.14,3188014
2011-11-11,172.16,174.05,172.07,173.96,2041000
2011-11-14,173.76,173.85,172.6,173.2,1236979
2011-11-15,173.35,173.81,171.91,173.36,2783732
2011-11-16,171.63,172.95,170.57,171.51,3488107
2011-11-17,170.08,170.3,166.41,167.07,5296863
2011-11-18,167.23,168.64,166.6,167.62,3577783
2011-11-21,166.58,166.71,162.08,163.5,4790520
2011-11-22,164.76,165.92,164.62,165.31,2507023
2011-11-23,,,,164.83,0
2011-11-25,163.29,165.18,163.29,163.4,1603199
2011-11-28,166.91,167.11,165.98,166.63,2675322
2011-11-29,166.4,167.32,166.1,166.88,2095431
2011-11-30,169.7,170.3,169.09,170.13,3103453
2011-12-01,169.86,170.56,168.59,169.64,2674855
2011-12-02,170.6,170.8,169.36,169.92,1869905
2011-12-05,169.04,169.95,167.07,167.32,3106771
2011-12-06,166.32,168.57,165.53,168.18,2120680
2011-12-07,168.85,169.52,167.76,169.34,2451044
2011-12-08,166.96,167.63,165.73,165.95,3084155
2011-12-09,166.42,167.32,166.12,166.4,2443676
2011-12-12,162.41,162.41,161.15,161.97,4158028
2011-12-13,161.87,163.19,157.76,158.45,6268612
2011-12-14,156.83,157.34,152.05,152.89,10249669
2011-12-15,154.75,154.77,151.72,152.33,4169190
2011-12-16,154.32,155.37,153.91,155.23,3458121
2011-12-19,155.5,155.85,154.39,154.85,2991579
2011-12-20,156.8,157.43,156.58,156.98,2237386
2011-12-21,157.0,157.53,156.15,157.16,3679708
2011-12-22,156.33,156.8,155.33,156.04,2053735
2011-12-23,,,,156.31,0
2011-12-27,155.06,155.52,154.54,154.91,1194778
2011-12-28,154.02,154.25,150.67,151.05,3725629
2011-12-29,149.1,150.72,148.28,150.34,4642737
2011-12-30,,,,151.99,0
2012-01-03,154.77,156.29,154.56,155.92,3118604
2012-01-04,155.46,157.36,155.34,156.71,2505706
2012-01-05,155.38,158.02,155.25,157.78,2303995
2012-01-06,158.54,158.63,156.4,157.2,2191886
2012-01-09,157.42,157.59,156.19,156.5,2396711
2012-01-10,158.93,159.47,158.48,158.64,1976499
2012-01-11,159.3,160.05,158.91,159.65,1767072
2012-01-12,161.0,161.61,159.84,160.38,2113076
2012-01-13,,,,159.26,0
2012-01-17,161.2,161.6,160.42,160.5,2536954
2012-01-18,160.0,161.64,159.68,161.6,2587661
2012-01-19,160.96,161.44,160.33,161.22,1945024
2012-01-20,160.5,162.09,160.31,162.07,3425641
2012-01-23,162.37,163.47,162.37,163.16,2313710
2012-01-24,161.81,162.36,161.54,162.01,1857089
2012-01-25,161.07,166.55,160.31,166.42,7113652
2012-01-26,168.04,168.3,167.06,167.27,4747747
2012-01-27,167.46,169.0,167.42,168.97,3035357
2012-01-30,168.19,168.53,167.75,168.03,2349223
2012-01-31,169.77,169.85,167.76,169.31,2653736
2012-02-01,169.72,170.17,169.09,169.56,1713473
2012-02-02,169.95,171.22,169.7,171.05,2417116
2012-02-03,169.92,170.14,167.51,167.66,4605147
2012-02-06,167.0,167.66,166.62,167.18,1763686
2012-02-07,167.43,170.09,167.15,169.7,2298283
2012-02-08,169.35,169.96,167.52,168.5,2430449
2012-02-09,170.0,170.37,167.72,168.02,3136441
2012-02-10,166.47,167.62,166.34,167.14,2165913
2012-02-13,167.31,167.94,166.76,167.51,1091672
2012-02-14,167.63,167.92,166.42,167.12,1460433
2012-02-15,168.65,168.75,167.2,168.09,2729943
2012-02-16,166.32,168.13,166.18,168.0,1952189
2012-02-17,168.32,168.33,166.88,167.37,1506397
2012-02-21,169.7,171.07,169.59,171.02,2861366
2012-02-22,170.43,173.17,170.19,172.94,3504221
2012-02-23,172.67,173.76,172.3,173.02,2265719
2012-02-24,172.63,173.04,172.0,172.25,2016945
2012-02-27,172.14,172.92,171.58,171.7,1771675
2012-02-28,172.85,174.0,172.61,173.49,2862647
2012-02-29,173.16,173.59,164.01,164.29,8338764
2012-03-01,166.14,167.71,165.75,166.56,5026334
2012-03-02,166.27,166.83,165.63,166.36,2188043
2012-03-05,165.71,165.9,164.55,165.65,2847725
2012-03-06,162.15,162.81,161.78,162.71,3954702
2012-03-07,162.79,164.02,162.51,163.63,1962022
2012-03-08,164.72,165.54,164.1,165.28,1898470
2012-03-09,163.64,166.57,163.25,166.4,3064132
2012-03-12,165.33,165.58,164.41,165.01,1394065
2012-03-13,163.98,165.38,161.45,162.13,4057760
2012-03-14,159.68,160.57,158.8,159.57,5979090
2012-03-15,159.71,161.95,159.29,161.08,2679994
2012-03-16,160.07,161.54,159.95,161.3,3144427
2012-03-19,160.86,162.29,160.73,161.59,1859655
2012-03-20,160.2,161.08,159.77,160.13,2623292
2012-03-21,160.61,161.48,160.15,160.21,1356977
2012-03-22,158.35,159.71,158.14,159.54,2425165
2012-03-23,160.87,161.88,160.53,161.53,2601747
2012-03-26,163.17,164.54,162.95,164.4,3068195
2012-03-27,164.52,164.89,163.13,163.24,2963823
2012-03-28,162.77,162.98,160.73,161.51,2056645
2012-03-29,161.16,161.45,159.81,161.28,2365465
2012-03-30,161.7,162.33,161.25,162.14,1837276
2012-04-02,161.99,163.56,161.83,162.94,1710895
2012-04-03,163.18,163.19,159.17,159.89,3631822
2012-04-04,157.73,158.03,156.59,157.17,3762116
2012-04-05,157.87,158.68,157.78,158.31,1975685
2012-04-09,159.73,160.0,158.91,159.37,1649234
2012-04-10,159.67,161.57,158.47,161.1,3008630
2012-04-11,161.17,161.51,160.74,161.04,2029449
2012-04-12,160.72,163.2,160.72,162.72,1794595
2012-04-13,162.46,162.46,160.17,160.85,2168753
2012-04-16,160.49,161.18,159.53,160.46,1333391
2012-04-17,160.53,160.95,158.75,160.27,1525374
2012-04-18,159.49,160.12,159.07,159.31,1486246
2012-04-19,160.0,160.62,159.03,159.43,1829198
2012-04-20,159.29,159.9,159.21,159.54,1323678
2012-04-23,158.2,159.18,157.88,159.07,1999512
2012-04-24,159.61,160.16,159.29,159.3,1107862
2012-04-25,159.5,159.96,157.76,159.62,2942533
2012-04-26,160.47,161.38,160.11,161.03,2211986
2012-04-27,161.78,161.96,161.19,161.38,1518153
2012-04-30,160.47,161.88,160.32,161.88,1617729
2012-05-01,162.11,162.18,160.91,161.32,1336422
2012-05-02,160.71,160.78,159.76,160.6,1310382
2012-05-03,159.15,159.4,158.37,158.97,2435735
2012-05-04,158.81,159.96,158.57,159.47,2506535
2012-05-07,159.32,159.34,158.46,159.08,888527
2012-05-08,156.55,156.71,154.92,156.0,3700718
2012-05-09,154.15,154.97,153.6,154.47,3054052
2012-05-10,155.15,155.57,154.64,154.76,1649501
2012-05-11,153.45,154.47,153.26,153.57,1888486
2012-05-14,151.61,152.03,151.0,151.33,3028681
2012-05-15,151.15,151.44,149.63,149.74,3101883
2012-05-16,149.45,150.7,148.6,149.46,3557116
2012-05-17,150.83,153.39,150.39,152.8,4143395
2012-05-18,154.45,155.11,153.98,154.55,2889616
2012-05-21,154.13,154.94,153.86,154.65,1780637
2012-05-22,153.62,154.4,151.55,152.08,2316648
2012-05-23,151.48,151.83,148.84,151.62,4786772
2012-05-24,152.72,152.91,150.62,151.41,2615375
2012-05-25,151.88,152.84,151.64,152.68,1612833
2012-05-29,153.5,153.62,150.25,151.02,3002943
2012-05-30,149.76,152.37,148.61,151.88,4486342
2012-05-31,152.01,152.71,150.63,151.62,2682646
2012-06-01,155.38,158.28,154.88,157.5,7097940
2012-06-04,157.26,157.44,156.16,157.32,3340321
2012-06-05,156.94,157.27,156.42,157.14,2106634
2012-06-06,158.94,159.2,156.59,157.21,3684577
2012-06-07,157.78,157.84,153.23,154.5,5503291
2012-06-08,153.05,154.83,153.02,154.73,3122578
2012-06-11,154.83,155.4,153.55,155.36,2508506
2012-06-12,155.49,157.04,155.45,156.45,2198127
2012-06-13,157.61,157.64,156.42,157.14,3052490
2012-06-14,157.71,157.94,156.25,157.75,2893776
2012-06-15,157.75,158.45,157.42,157.84,3171420
2012-06-18,157.49,158.2,156.54,157.93,1536186
2012-06-19,158.0,158.14,156.97,157.16,1338885
2012-06-20,156.0,157.36,154.26,155.97,3799447
2012-06-21,153.71,154.22,151.81,152.0,3819725
2012-06-22,152.0,152.7,151.22,152.64,1609631
2012-06-25,152.61,154.15,152.26,153.76,1713136
2012-06-26,153.02,153.3,152.13,152.62,1828756
2012-06-27,153.3,153.44,152.15,152.83,1386272
2012-06-28,151.9,152.14,150.16,151.05,2046334
2012-06-29,155.08,155.95,154.52,155.19,3122708
2012-07-02,154.65,155.53,154.35,155.09,915862
2012-07-03,156.96,157.7,156.8,157.46,1037706
2012-07-05,155.42,156.4,155.11,155.68,1663801
2012-07-06,154.24,154.49,152.96,153.72,2280468
2012-07-09,153.65,154.57,153.44,154.04,948258
2012-07-10,155.1,155.15,151.79,152.15,2619481
2012-07-11,152.58,153.44,152.02,152.99,2067294
2012-07-12,151.24,153.05,150.86,152.54,2937930
2012-07-13,153.44,154.93,153.44,154.14,1486143
2012-07-16,154.43,154.75,153.99,154.21,906101
2012-07-17,154.03,154.5,152.46,153.47,3103286
2012-07-18,152.67,153.6,152.4,153.05,1729089
2012-07-19,153.74,154.29,152.93,153.38,1309858
2012-07-20,152.96,154.0,152.75,153.67,1356003
2012-07-23,152.5,153.33,152.29,153.03,1276058
2012-07-24,153.63,153.8,152.2,153.52,2183358
2012-07-25,155.3,156.29,155.06,155.67,2893159
2012-07-26,156.73,157.26,156.05,156.77,2030147
2012-07-27,157.65,157.96,156.66,157.61,2612491
2012-07-30,156.86,157.65,155.51,157.43,1800193
2012-07-31,157.59,157.72,156.27,156.54,2326250
2012-08-01,155.18,155.78,154.41,155.14,2860312
2012-08-02,154.68,155.12,153.61,154.13,3002767
2012-08-03,154.65,155.89,154.43,155.55,2388573
2012-08-06,155.94,156.71,155.74,156.3,1049753
2012-08-07,156.37,156.63,156.02,156.32,1081262
2012-08-08,156.49,156.86,156.26,156.45,976933
2012-08-09,156.35,156.99,156.29,156.99,593514
2012-08-10,156.88,157.82,156.66,157.22,1208510
2012-08-13,157.05,157.45,155.9,155.99,1144247
2012-08-14,155.06,155.57,154.84,155.13,1184078
2012-08-15,155.32,155.81,155.28,155.63,1370982
2012-08-16,155.85,157.09,155.51,156.56,1311199
2012-08-17,157.02,157.07,156.27,156.72,1613780
2012-08-20,156.53,157.39,156.49,157.26,1240695
2012-08-21,158.79,159.2,158.69,158.83,2446612
2012-08-22,159.2,160.63,158.51,160.54,2875333
2012-08-23,161.44,162.45,161.23,161.91,3378668
2012-08-24,161.9,162.33,161.34,161.96,1950200
2012-08-27,161.77,162.29,161.34,161.36,1341501
2012-08-28,161.61,162.19,161.3,161.64,1190825
2012-08-29,161.59,161.67,160.18,160.59,1681346
2012-08-30,161.26,161.29,160.01,160.52,1532193
2012-08-31,161.14,164.22,159.56,164.22,4998993
2012-09-04,164.08,164.75,163.66,164.48,3076445
2012-09-05,164.14,164.38,163.82,164.31,2308276
2012-09-06,165.19,165.78,164.81,164.9,3224778
2012-09-07,167.76,169.0,167.37,168.44,4473850
2012-09-10,167.84,168.13,167.23,167.29,1849954
2012-09-11,168.19,168.53,167.79,167.9,1777381
2012-09-12,168.87,168.87,167.25,167.92,2530504
2012-09-13,167.87,171.91,166.3,171.33,6204496
2012-09-14,171.89,172.22,171.31,171.8,3754754
2012-09-17,171.79,171.96,170.08,170.4,2553979
2012-09-18,170.8,171.95,170.67,171.71,2040869
2012-09-19,171.86,172.03,171.2,171.74,1981776
2012-09-20,171.06,171.68,170.24,171.47,1882204
2012-09-21,172.9,173.18,171.54,171.96,3203719
2012-09-24,170.67,171.36,170.57,171.08,1862646
2012-09-25,171.78,172.1,170.5,170.73,2481196
2012-09-26,169.45,170.05,168.35,169.81,2948128
2012-09-27,171.06,172.59,170.76,172.36,2108144
2012-09-28,172.04,172.48,171.34,172.02,2768179
2012-10-01,172.74,173.62,171.77,172.35,3683992
2012-10-02,172.5,172.7,171.64,172.1,1702918
2012-10-03,172.51,172.61,171.89,172.41,1396138
2012-10-04,173.24,174.07,172.93,173.61,3085327
2012-10-05,172.87,173.37,172.01,172.62,2473142
2012-10-08,171.75,172.28,171.68,172.05,1011059
2012-10-09,171.86,172.17,170.56,170.99,2078945
2012-10-10,170.54,171.34,170.3,170.84,1802836
2012-10-11,171.26,171.95,171.13,171.32,1370045
2012-10-12,171.17,171.41,169.82,170.05,2276768
2012-10-15,168.99,169.09,167.54,168.35,3080606
2012-10-16,168.84,169.45,168.67,169.42,1341182
2012-10-17,169.23,169.94,168.92,169.54,1180182
2012-10-18,168.81,169.3,168.59,168.77,1796838
2012-10-19,168.43,168.45,166.23,166.94,3158881
2012-10-22,167.09,167.62,167.06,167.58,1684744
2012-10-23,166.06,166.06,165.13,165.42,2552689
2012-10-24,165.79,165.83,164.6,164.86,2871476
2012-10-25,166.32,166.52,165.77,166.02,1557400
2012-10-26,166.25,166.6,165.77,165.94,1064319
2012-10-31,166.49,167.28,166.38,166.86,889839
2012-11-01,167.0,167.04,166.04,166.08,1576808
2012-11-02,164.46,164.47,162.3,162.6,3061990
2012-11-05,163.09,163.41,162.83,163.23,1200842
2012-11-06,163.9,166.77,163.63,166.4,3557012
2012-11-07,166.92,167.12,165.04,166.49,3050033
2012-11-08,166.15,168.15,166.12,167.98,1895155
2012-11-09,168.26,168.53,167.56,167.82,1717016
2012-11-12,168.12,168.28,167.21,167.43,1107029
2012-11-13,166.67,167.93,166.64,167.1,1505692
2012-11-14,167.48,168.04,166.79,167.14,1413791
2012-11-15,167.0,167.02,165.18,166.08,2192419
2012-11-16,165.76,166.35,165.48,165.88,1475600
2012-11-19,167.74,168.16,167.39,167.9,1529022
2012-11-20,167.78,168.0,166.85,167.39,1230573
2012-11-21,167.19,167.82,166.97,167.56,3811125
2012-11-23,167.97,170.01,167.8,169.61,6110069
2012-11-26,169.56,169.73,169.25,169.43,5377750
2012-11-27,169.14,169.4,168.62,168.71,7320515
2012-11-28,165.43,166.84,165.38,166.55,12881772
2012-11-29,167.14,167.5,166.85,167.18,7447145
2012-11-30,166.94,167.22,165.53,166.05,8414250
2012-12-03,166.11,166.92,166.04,166.13,6364533
2012-12-04,164.06,164.83,163.87,164.42,10212309
2012-12-05,164.22,164.5,163.2,164.12,10649108
2012-12-06,163.72,165.0,163.53,164.5,7301571
2012-12-07,164.88,165.22,164.6,165.16,7290613
2012-12-10,166.11,166.16,165.72,165.8,4649159
2012-12-11,165.45,165.66,165.12,165.65,4725750
2012-12-12,166.2,166.94,165.36,165.77,14172339
2012-12-13,163.86,164.9,163.78,164.37,9333254
2012-12-14,164.17,164.48,164.02,164.13,5352140
2012-12-17,164.16,164.62,164.13,164.44,8177388
2012-12-18,164.35,164.43,160.9,162.08,24000528
2012-12-19,161.31,162.22,161.11,161.69,12995517
2012-12-20,159.87,160.12,158.39,159.73,25148775
2012-12-21,159.82,160.76,159.78,160.33,13445841
2012-12-24,160.88,160.96,160.47,160.62,3699741
2012-12-26,161.36,161.48,160.64,160.78,4967628
2012-12-27,160.23,161.31,160.05,161.16,8938697
2012-12-28,160.94,160.97,160.15,160.54,6854193
2012-12-31,160.9,162.75,160.77,162.02,11789684
2013-01-02,163.49,164.14,163.14,163.17,10436878
2013-01-03,162.48,162.88,160.83,161.2,16117494
2013-01-04,159.52,160.64,158.89,160.44,19179855
2013-01-07,159.36,159.96,159.15,159.43,9362473
2013-01-08,160.46,160.99,160.01,160.56,7696233
2013-01-09,160.77,160.83,159.9,160.49,8337073
2013-01-10,161.61,162.56,161.61,161.98,11432561
2013-01-11,161.86,161.9,160.11,161.06,13676627
2013-01-14,161.88,161.97,161.13,161.54,7289790
2013-01-15,162.8,163.17,162.36,162.56,10085279
2013-01-16,162.42,163.03,162.15,162.65,9219229
2013-01-17,161.94,164.4,161.83,163.35,14913402
2013-01-18,163.95,163.97,163.02,163.09,10038832
2013-01-22,163.48,164.22,163.37,163.67,8590883
2013-01-23,163.92,163.95,163.0,163.21,6698624
2013-01-24,161.98,162.27,161.18,161.42,13191991
2013-01-25,160.56,161.04,160.31,160.65,9037761
2013-01-28,160.24,160.73,160.02,160.29,8497269
2013-01-29,161.01,161.31,160.69,160.99,7366469
2013-01-30,162.68,163.04,162.03,162.19,12015935
2013-01-31,161.62,161.81,160.47,161.2,9336017
2013-02-01,162.66,162.77,160.87,161.45,12904577
2013-02-04,161.19,162.42,161.15,162.0,7360341
2013-02-05,162.75,162.8,161.33,161.96,8979388
2013-02-06,162.13,162.63,161.99,162.39,6147987
2013-02-07,161.24,162.96,161.13,161.84,12828577
2013-02-08,161.46,162.02,161.2,161.57,6086536
2013-02-11,159.78,159.98,159.25,159.7,12147328
2013-02-12,159.35,160.05,158.88,159.89,7632726
2013-02-13,159.6,159.64,158.77,159.05,8962733
2013-02-14,159.31,159.65,158.04,158.35,12415060
2013-02-15,156.42,156.58,154.56,155.76,23374857
2013-02-19,155.8,155.84,154.93,155.33,11809396
2013-02-20,153.9,153.93,150.84,151.44,30923937
2013-02-21,152.0,153.41,151.9,152.62,17970034
2013-02-22,152.26,152.99,151.93,152.97,10093910
2013-02-25,153.52,154.56,153.31,154.34,9488190
2013-02-26,154.39,156.8,153.32,156.22,18182736
2013-02-27,155.46,155.6,154.08,154.57,9604799
2013-02-28,154.09,154.16,152.39,153.0,14866488
2013-03-01,153.16,153.61,152.14,152.44,11179550
2013-03-04,152.45,152.74,151.87,152.3,6643752
2013-03-05,153.1,153.39,152.11,152.38,10805639
2013-03-06,152.17,153.38,151.65,153.23,10862679
2013-03-07,153.02,153.21,152.4,152.69,6593847
2013-03-08,151.61,153.29,151.4,152.71,11860089
2013-03-11,152.82,153.06,152.65,152.99,4810698
2013-03-12,154.07,154.69,153.9,154.19,7265976
2013-03-13,154.26,154.6,153.42,153.66,7436946
2013-03-14,153.02,154.17,153.01,153.68,11420238
2013-03-15,154.12,154.72,153.97,154.0,5701573
2013-03-18,155.7,155.93,155.0,155.38,9303073
2013-03-19,155.22,156.34,155.1,156.08,11027603
2013-03-20,155.53,155.83,154.88,155.37,8221933
2013-03-21,156.17,156.43,155.88,156.25,4992610
2013-03-22,155.45,155.99,155.42,155.55,4746376
2013-03-25,154.71,155.57,154.36,155.24,6820543
2013-03-26,154.47,154.91,154.28,154.72,7389042
2013-03-27,154.67,155.62,154.51,155.36,6718518
2013-03-28,154.5,154.8,154.22,154.47,6851500
2013-04-01,154.57,154.93,154.3,154.67,4289036
2013-04-02,153.09,153.31,152.26,152.43,9398854
2013-04-03,152.02,152.53,149.92,150.73,15740715
2013-04-04,149.65,150.6,149.44,150.29,12429897
2013-04-05,151.54,152.96,151.07,152.81,14491938
2013-04-08,151.64,152.59,151.6,152.16,6246884
2013-04-09,152.32,153.85,152.28,153.34,7047106
2013-04-10,152.67,152.71,150.58,150.75,18515671
2013-04-11,150.76,151.71,150.63,151.05,8063117
2013-04-12,148.65,148.85,143.43,143.95,55601767
2013-04-15,136.0,136.75,130.51,131.31,93804143
2013-04-16,134.9,135.11,131.76,132.8,45650754
2013-04-17,133.81,134.95,132.32,132.87,25444017
2013-04-18,134.12,135.31,133.62,134.3,20044070
2013-04-19,136.0,136.02,134.6,135.47,15666375
2013-04-22,138.15,138.27,137.22,137.9,16572848
2013-04-23,137.22,137.24,135.85,136.88,14650666
2013-04-24,138.09,138.55,137.45,138.37,10372520
2013-04-25,140.0,142.08,139.78,141.63,18895395
2013-04-26,142.3,143.43,140.04,140.91,19313588
2013-04-29,142.14,142.66,141.48,142.3,11006186
2013-04-30,142.27,142.83,141.55,142.77,11287217
2013-05-01,140.59,141.55,139.3,141.11,13939146
2013-05-02,142.0,142.47,141.64,141.92,11504268
2013-05-03,141.7,142.71,141.4,142.09,11671919
2013-05-06,142.33,142.46,141.63,142.15,7734080
2013-05-07,140.38,140.64,139.37,140.38,13630084
2013-05-08,141.78,142.81,141.49,142.46,11163083
2013-05-09,141.33,142.36,140.51,140.81,8265283
2013-05-10,138.22,139.75,137.26,139.6,14657797
2013-05-13,138.46,138.97,138.16,138.43,6719359
2013-05-14,137.95,139.16,137.64,137.81,9897149
2013-05-15,136.59,136.98,134.23,134.63,19068467
2013-05-16,133.18,134.48,133.0,134.09,12761978
2013-05-17,133.17,133.48,131.02,131.07,20349768
2013-05-20,130.88,135.32,130.85,135.12,21593907
2013-05-21,132.17,133.65,131.45,132.88,14542459
2013-05-22,134.18,136.77,130.95,131.94,25982357
2013-05-23,134.51,134.84,133.12,134.61,10272774
2013-05-24,134.11,134.51,133.64,133.76,5522984
2013-05-28,133.68,135.57,132.8,133.49,12466648
2013-05-29,134.09,134.91,133.64,134.83,8765194
2013-05-30,136.67,137.11,136.26,136.7,8612081
2013-05-31,135.71,136.05,133.89,133.92,9726565
2013-06-03,134.77,136.98,134.43,136.51,9176632
2013-06-04,135.21,135.44,134.27,135.23,5506215
2013-06-05,135.47,136.37,135.01,135.52,7444993
2013-06-06,135.39,137.62,134.98,136.53,9848311
2013-06-07,134.11,134.62,133.18,133.28,11057790
2013-06-10,133.3,134.28,132.99,133.94,6142740
2013-06-11,132.31,133.51,132.24,133.25,7156656
2013-06-12,132.95,134.83,132.83,134.25,6552182
2013-06-13,133.31,134.2,132.82,133.74,7164767
2013-06-14,134.0,134.6,133.88,134.43,4274220
2013-06-17,133.89,134.06,133.52,133.77,4077112
2013-06-18,132.72,132.96,131.53,132.13,7381824
2013-06-19,132.58,133.15,130.38,130.59,13017729
2013-06-20,125.22,126.38,123.33,123.6,28872053
2013-06-21,125.16,125.57,124.46,125.05,16600184
2013-06-24,124.31,124.7,123.31,123.93,12751715
2013-06-25,123.65,123.9,122.88,123.47,9373477
2013-06-26,119.88,119.9,118.06,118.28,24748762
2013-06-27,119.1,119.51,115.65,115.94,30001808
2013-06-28,115.22,119.33,114.68,119.11,32986544
2013-07-01,119.94,121.95,119.38,121.13,15952483
2013-07-02,121.34,121.47,119.78,120.05,10553431
2013-07-03,120.7,121.77,120.54,120.74,6750238
2013-07-05,118.08,118.18,116.74,118.09,11593512
2013-07-08,119.09,119.66,118.93,119.51,8654731
2013-07-09,120.84,121.51,120.05,120.62,8203008
2013-07-10,121.15,122.35,120.59,120.95,14697064
2013-07-11,124.26,124.36,123.47,124.24,11282193
2013-07-12,123.52,124.3,123.32,124.13,6584026
2013-07-15,124.08,124.39,123.84,124.18,4134878
2013-07-16,124.76,125.21,124.33,124.89,5579678
2013-07-17,125.04,125.7,122.73,123.32,10887041
2013-07-18,124.11,124.52,123.78,124.01,6152047
2013-07-19,124.89,125.42,124.65,125.11,5768261
2013-07-22,127.65,129.46,127.59,128.84,10858299
2013-07-23,128.7,130.14,128.35,129.71,8826014
2013-07-24,129.17,129.4,126.87,127.48,9979036
2013-07-25,127.7,128.87,127.64,128.67,4725104
2013-07-26,128.11,128.97,126.78,128.78,6149386
2013-07-29,128.45,128.78,128.25,128.47,3558052
2013-07-30,127.95,128.31,127.22,128.12,4489261
2013-07-31,127.76,128.92,126.13,127.96,16016251
2013-08-01,127.84,127.89,126.33,126.61,10564258
2013-08-02,126.74,127.25,126.32,126.36,6466232
2013-08-05,126.51,126.64,125.34,125.7,4007090
2013-08-06,124.33,124.55,123.55,123.97,6021417
2013-08-07,124.0,124.6,123.85,124.15,5306329
2013-08-08,124.78,126.99,124.77,126.86,8661287
2013-08-09,126.51,127.27,126.3,126.86,6194029
2013-08-12,129.57,129.71,128.88,129.13,7422561
2013-08-13,128.49,128.65,127.38,127.74,7339540
2013-08-14,127.66,129.07,127.57,129.0,8713159
2013-08-15,128.06,132.36,127.98,131.69,17226250
2013-08-16,132.56,133.27,131.39,132.58,14447036
2013-08-19,132.33,132.5,131.59,132.01,8120303
2013-08-20,132.03,133.13,132.02,132.45,7809099
2013-08-21,131.74,133.23,131.51,132.07,10726614
2013-08-22,132.56,133.46,132.27,132.81,5742699
2013-08-23,132.58,135.24,132.5,134.9,11623318
2013-08-26,134.88,135.6,134.15,135.45,7692077
2013-08-27,136.94,137.55,136.52,136.75,11283235
2013-08-28,137.21,137.46,136.66,136.71,13652143
2013-08-29,136.12,136.55,135.42,135.87,7943156
2013-08-30,134.65,135.71,134.44,134.62,7689483
2013-09-03,135.46,136.79,135.02,136.42,8101531
2013-09-04,134.61,134.84,133.72,134.66,7789181
2013-09-05,134.13,134.35,131.8,132.2,11126269
2013-09-06,133.42,134.4,133.33,134.15,8449142
2013-09-09,134.13,134.32,133.67,133.91,5090471
2013-09-10,131.82,132.0,131.11,131.74,8433006
2013-09-11,131.58,131.81,131.26,131.7,5028303
2013-09-12,128.62,128.78,127.61,127.67,12943984
2013-09-13,127.16,127.96,126.21,127.82,12060317
2013-09-16,127.48,128.02,126.34,126.45,9987682
2013-09-17,126.81,126.99,126.11,126.5,8135454
2013-09-18,125.32,132.16,125.15,132.01,24825331
2013-09-19,132.0,132.78,131.22,131.75,14353863
2013-09-20,130.6,130.91,127.9,127.96,19558103
2013-09-23,127.52,128.44,127.33,127.55,7425634
2013-09-24,126.4,128.21,126.34,127.66,7350109
2013-09-25,127.57,129.21,127.52,128.79,7519080
2013-09-26,128.61,128.99,127.32,127.79,9492821
2013-09-27,128.86,129.58,128.84,128.97,7454162
2013-09-30,127.95,129.14,127.7,128.18,8982403
2013-10-01,125.25,125.26,123.81,124.59,16721143
2013-10-02,125.37,127.81,125.34,127.06,11997201
2013-10-03,126.77,127.69,126.22,127.18,11632916
2013-10-04,127.05,127.15,126.0,126.53,6924926
2013-10-07,127.25,128.33,127.12,127.64,6737848
2013-10-08,127.79,128.45,127.21,127.4,6999743
2013-10-09,126.21,126.89,124.97,126.11,10707749
2013-10-10,125.34,125.83,124.1,124.27,10523560
2013-10-11,122.37,122.81,121.85,122.6,15972630
2013-10-14,123.9,124.24,122.81,122.83,6118213
2013-10-15,122.28,124.36,122.22,123.73,8384160
2013-10-16,123.52,123.89,122.51,123.54,8525277
2013-10-17,127.01,127.86,126.81,127.42,11785088
2013-10-18,126.87,127.33,126.6,126.85,5350480
2013-10-21,127.13,127.34,126.79,126.98,3395173
2013-10-22,128.25,129.81,128.22,129.34,8852593
2013-10-23,128.55,129.09,128.35,128.69,5099155
2013-10-24,129.41,130.53,129.41,129.9,10225798
2013-10-25,129.53,130.92,129.46,130.46,8771039
2013-10-28,130.41,131.44,130.1,130.56,6817414
2013-10-29,130.16,130.59,129.57,129.77,5334537
2013-10-30,130.83,131.22,128.81,129.6,8895989
2013-10-31,128.04,128.49,127.3,127.74,7753276
2013-11-01,126.86,127.17,126.05,126.95,9571847
2013-11-04,127.18,127.52,126.74,126.81,3819272
2013-11-05,126.71,126.86,126.0,126.56,4942373
2013-11-06,127.11,127.36,126.92,127.2,3544927
2013-11-07,126.14,126.85,125.86,126.16,7700172
2013-11-08,124.46,124.46,123.62,124.28,8427259
2013-11-11,123.92,123.97,123.66,123.87,3277698
2013-11-12,123.51,123.87,121.73,122.45,7705623
2013-11-13,122.97,123.24,122.39,122.85,5966976
2013-11-14,123.92,124.91,123.88,124.27,7669667
2013-11-15,124.16,124.52,124.07,124.32,4664240
2013-11-18,123.7,123.96,122.55,122.9,6241279
2013-11-19,122.97,123.4,122.83,122.95,3666451
2013-11-20,121.67,122.44,119.76,120.12,14281010
2013-11-21,119.81,120.35,119.31,119.94,7562937
2013-11-22,120.24,120.4,119.82,119.92,6776461
2013-11-25,119.18,121.0,119.13,120.46,7271846
2013-11-26,119.84,120.4,119.59,119.82,9053320
2013-11-27,120.49,120.69,119.25,119.46,6144568
2013-11-29,120.67,121.05,120.62,120.7,2364671
2013-12-02,119.2,119.29,117.5,117.58,10297128
2013-12-03,117.58,118.31,117.23,117.96,7004847
2013-12-04,118.33,120.76,118.16,119.96,9110691
2013-12-05,118.2,119.24,117.41,118.3,10254676
2013-12-06,118.86,119.26,118.01,118.55,7910040
2013-12-09,118.99,119.92,118.95,119.72,5510392
2013-12-10,122.18,122.32,121.47,121.82,9164469
2013-12-11,121.49,121.81,120.76,120.86,9934908
2013-12-12,118.59,118.82,118.03,118.29,8810811
2013-12-13,118.9,119.49,118.76,119.38,6484891
2013-12-16,119.25,120.77,118.97,119.69,8193324
2013-12-17,118.97,119.9,118.37,118.65,8589144
2013-12-18,119.0,120.05,117.29,117.61,16265046
2013-12-19,115.95,116.06,114.5,114.82,15984757
2013-12-20,115.38,116.47,115.06,115.94,14697716
2013-12-23,115.61,116.12,115.43,115.57,6244146
2013-12-24,115.79,116.29,115.71,116.1,3353940
2013-12-26,117.23,117.23,116.65,116.74,3868528
2013-12-27,117.31,117.38,116.85,117.12,4207991
2013-12-30,116.37,116.4,115.18,115.39,6713023
2013-12-31,114.61,117.13,114.46,116.12,12838233
2014-01-02,117.93,118.73,117.75,118.0,7570508
2014-01-03,118.64,119.62,118.59,119.29,5879119
2014-01-06,119.76,120.39,117.11,119.5,10107731
2014-01-07,118.46,118.92,118.13,118.82,6435823
2014-01-08,117.99,118.52,117.5,118.12,7432317
2014-01-09,118.11,118.69,117.99,118.46,3972991
2014-01-10,119.72,120.43,119.58,120.26,7994809
2014-01-13,120.27,121.04,120.2,121.02,5877632
2014-01-14,120.54,121.06,119.72,119.89,7506301
2014-01-15,119.19,119.81,119.11,119.66,5476409
2014-01-16,119.84,119.96,119.57,119.79,3950105
2014-01-17,120.35,121.02,120.2,120.93,7926430
2014-01-21,119.23,119.97,119.23,119.7,6765085
2014-01-22,119.65,119.77,119.17,119.19,4898314
2014-01-23,120.97,122.02,120.97,121.79,11038741
2014-01-24,122.06,122.5,121.55,122.29,8540453
2014-01-27,121.65,122.06,120.72,120.96,7533917
2014-01-28,121.32,121.4,120.41,120.95,5156327
2014-01-29,122.19,122.51,121.13,122.47,12262531
2014-01-30,119.67,120.22,119.6,119.77,8752038
2014-01-31,120.65,120.86,119.46,120.09,7984890
2014-02-03,120.47,122.11,120.32,121.32,9270176
2014-02-04,120.41,121.09,120.39,120.99,7029192
2014-02-05,121.76,121.88,120.73,121.29,6801879
2014-02-06,121.38,121.51,120.78,121.24,4748431
2014-02-07,121.24,122.24,121.23,122.17,6683018
2014-02-10,122.8,123.16,122.72,122.92,7937659
2014-02-11,123.38,124.75,123.36,124.36,11558005
2014-02-12,124.4,124.98,124.13,124.43,6654131
2014-02-13,124.7,125.6,124.66,125.49,9263314
2014-02-14,126.99,127.38,126.75,127.15,11180946
2014-02-18,127.42,127.75,127.09,127.4,7690800
2014-02-19,127.26,127.45,126.16,126.27,9390584
2014-02-20,126.75,127.75,126.4,127.6,10578232
2014-02-21,127.57,128.07,127.15,127.58,7306796
2014-02-24,128.51,129.07,128.34,128.99,12116210
2014-02-25,128.62,129.53,128.57,129.21,5787114
2014-02-26,128.49,128.76,127.42,128.11,7057157
2014-02-27,128.4,128.8,127.89,128.2,5067646
2014-02-28,128.27,128.35,127.15,127.62,10588738
2014-03-03,130.0,130.59,129.81,130.29,11785006
2014-03-04,128.54,129.24,128.32,128.68,6350420
2014-03-05,128.71,129.34,128.58,128.89,4880728
2014-03-06,129.71,130.47,129.47,130.17,5417902
2014-03-07,128.25,129.23,128.21,129.09,7577498
2014-03-10,128.88,129.61,128.78,129.13,4170499
2014-03-11,130.01,130.15,128.93,129.86,7295113
2014-03-12,131.56,132.12,131.39,131.76,11107630
2014-03-13,131.69,132.54,131.56,132.21,8007721
2014-03-14,133.68,133.69,132.35,133.1,11949426
2014-03-17,132.73,133.22,131.22,131.64,14630110
2014-03-18,130.39,131.27,130.33,130.62,6424385
2014-03-19,129.55,129.68,127.94,128.09,12932862
2014-03-20,127.78,128.41,127.58,127.86,7690848
2014-03-21,129.04,129.09,128.41,128.47,7246489
2014-03-24,126.87,127.14,126.03,126.18,13076493
2014-03-25,126.44,126.82,126.24,126.41,6567962
2014-03-26,126.27,126.38,125.13,125.41,8581634
2014-03-27,125.06,125.29,124.21,124.59,7315310
2014-03-28,124.23,124.96,123.88,124.56,7253673
2014-03-31,124.52,124.79,123.57,123.61,12379151
2014-04-01,123.71,123.85,123.11,123.39,5998286
2014-04-02,124.41,124.75,124.19,124.32,4907847
2014-04-03,123.75,124.26,123.59,123.92,3659603
2014-04-04,125.2,125.96,124.86,125.57,7278979
2014-04-07,125.07,125.47,124.84,124.91,3969823
2014-04-08,126.34,126.34,125.9,126.09,6946163
2014-04-09,125.46,126.72,125.33,126.32,5307863
2014-04-10,126.95,127.37,126.82,127.01,5008847
2014-04-11,127.04,127.31,126.73,126.93,4699538
2014-04-14,127.8,128.25,127.62,127.85,6680185
2014-04-15,124.79,125.7,124.6,125.49,9970175
2014-04-16,125.37,125.57,125.03,125.54,4072028
2014-04-17,125.38,125.53,124.57,124.75,5902491
2014-04-21,124.07,124.33,123.76,124.24,6579161
2014-04-22,124.15,124.16,122.92,123.78,6899367
2014-04-23,123.7,123.94,123.38,123.76,3741184
2014-04-24,122.87,125.12,122.84,124.56,8755120
2014-04-25,125.18,125.71,125.07,125.43,7025124
2014-04-28,125.3,125.34,124.45,124.88,4898101
2014-04-29,124.95,125.38,124.65,124.86,5241798
2014-04-30,124.19,125.05,123.82,124.22,10354278
2014-05-01,123.17,123.83,123.06,123.8,6687796
2014-05-02,123.69,125.67,123.33,125.06,9914822
2014-05-05,126.47,126.63,126.0,126.22,5202763
2014-05-06,126.02,126.11,125.63,125.98,3488007
2014-05-07,125.52,125.57,123.92,124.17,8471166
2014-05-08,124.19,124.47,123.89,124.17,3696147
2014-05-09,124.39,124.47,123.82,124.1,3119978
2014-05-12,125.4,125.42,124.69,124.94,4025958
2014-05-13,124.79,125.1,124.5,124.6,2643478
2014-05-14,125.8,125.96,125.44,125.81,4018583
2014-05-15,124.77,125.51,124.54,124.77,5862519
2014-05-16,124.35,124.77,124.29,124.5,4052154
2014-05-19,125.28,125.47,124.48,124.58,3903200
2014-05-20,124.12,124.91,124.09,124.69,3771117
2014-05-21,124.25,124.55,123.53,124.39,6848002
2014-05-22,125.14,125.24,124.54,124.67,3458801
2014-05-23,124.6,124.66,124.19,124.51,2206288
2014-05-27,122.98,123.07,121.75,121.85,10905402
2014-05-28,121.47,121.7,120.92,121.2,6741191
2014-05-29,120.78,121.46,120.77,120.94,5555563
2014-05-30,120.76,120.81,119.62,120.43,8753575
2014-06-02,119.93,120.46,119.61,119.7,5923679
2014-06-03,119.73,120.09,119.42,120.01,5010345
2014-06-04,120.1,120.16,119.68,119.76,3861805
2014-06-05,120.55,120.88,120.43,120.66,4183681
2014-06-06,120.68,120.77,119.94,120.61,4808750
2014-06-09,120.79,120.85,120.57,120.65,2789577
2014-06-10,121.29,121.47,121.21,121.39,3561677
2014-06-11,121.55,121.61,121.18,121.41,3573593
2014-06-12,121.92,122.75,121.83,122.64,7394697
2014-06-13,122.57,123.04,122.51,122.96,4026822
2014-06-16,122.88,123.01,122.3,122.42,5833646
2014-06-17,121.85,122.5,121.82,122.28,4035098
2014-06-18,122.22,122.8,122.09,122.67,4604909
2014-06-19,124.33,127.23,124.32,126.94,24374779
2014-06-20,126.32,127.07,126.21,126.5,9955149
2014-06-23,126.65,126.94,126.37,126.85,5142796
2014-06-24,127.22,127.32,126.73,126.98,6355294
2014-06-25,126.78,127.55,126.66,126.99,6695428
2014-06-26,126.53,126.92,126.2,126.73,5531190
2014-06-27,126.88,127.17,126.65,126.66,4200393
2014-06-30,126.53,128.04,126.37,128.04,18143018
2014-07-01,127.99,128.12,127.49,127.7,8148345
2014-07-02,127.76,128.24,127.64,127.7,5742612
2014-07-03,126.79,127.29,126.61,127.16,4922466
2014-07-07,126.63,127.03,126.23,127.02,4636886
2014-07-08,127.29,127.53,126.43,127.07,6220335
2014-07-09,127.54,128.26,127.18,127.84,8369851
2014-07-10,129.11,129.21,128.49,128.54,6314294
2014-07-11,128.41,128.83,128.38,128.78,4322535
2014-07-14,125.5,126.1,125.45,125.72,11469917
2014-07-15,125.89,126.32,124.36,124.53,10548113
2014-07-16,125.02,125.47,124.78,124.97,4104117
2014-07-17,125.52,127.55,125.11,127.09,11430637
2014-07-18,125.79,126.21,125.67,126.13,6461677
2014-07-21,126.53,126.55,126.11,126.34,3303835
2014-07-22,126.33,126.43,125.47,125.74,3887606
2014-07-23,125.72,126.04,125.4,125.62,3045018
2014-07-24,124.85,124.87,123.9,124.35,8118607
2014-07-25,124.48,125.93,124.43,125.79,5644498
2014-07-28,125.44,125.67,125.3,125.58,3213705
2014-07-29,125.79,125.88,124.72,125.2,5270794
2014-07-30,124.89,124.93,124.41,124.83,5622346
2014-07-31,123.85,124.07,123.23,123.39,9898582
2014-08-01,124.54,124.81,124.23,124.38,7397317
2014-08-04,124.36,124.47,123.73,123.99,6500560
2014-08-05,123.74,124.52,123.4,123.87,8342542
2014-08-06,125.71,126.0,125.52,125.67,9327849
2014-08-07,125.47,126.51,125.37,126.18,7298926
2014-08-08,126.08,126.41,125.89,126.19,5729316
2014-08-11,125.84,126.04,125.64,125.96,3165498
2014-08-12,126.42,126.81,125.87,125.99,4613407
2014-08-13,126.35,126.53,125.9,126.2,3969676
2014-08-14,126.24,126.53,126.13,126.31,3348451
2014-08-15,124.52,126.07,124.41,125.48,13071958
2014-08-18,124.78,125.08,124.65,124.96,4953347
2014-08-19,125.0,125.0,124.48,124.68,4878772
2014-08-20,124.82,124.82,123.88,124.22,4395911
2014-08-21,122.72,123.24,122.45,122.88,8010459
2014-08-22,123.09,123.33,122.57,123.19,4739968
2014-08-25,122.92,123.04,122.72,122.74,5019903
2014-08-26,123.92,123.97,123.28,123.35,3891112
2014-08-27,123.6,123.71,123.25,123.32,2576944
2014-08-28,124.15,124.33,123.81,124.0,3297757
2014-08-29,123.75,124.22,123.62,123.86,3684122
2014-09-02,121.97,122.08,121.43,121.65,10128581
2014-09-03,121.7,122.2,121.66,122.15,3415925
2014-09-04,122.48,122.66,121.25,121.48,7310640
2014-09-05,121.83,122.06,121.63,122.06,3490704
2014-09-08,121.58,121.61,120.37,120.73,7508620
2014-09-09,120.57,120.94,120.0,120.87,6157321
2014-09-10,120.13,120.54,119.64,120.26,7022579
2014-09-11,119.61,119.7,118.77,119.47,7618266
2014-09-12,118.63,118.9,118.07,118.38,8129457
2014-09-15,118.79,118.86,118.46,118.64,4778579
2014-09-16,118.85,119.43,118.44,118.83,6544481
2014-09-17,118.95,119.24,117.5,117.54,8328712
2014-09-18,117.41,118.09,117.19,117.78,5368874
2014-09-19,117.51,117.57,116.72,117.09,10931243
2014-09-22,116.72,117.37,116.58,116.85,7602075
2014-09-23,117.99,117.99,117.31,117.6,4667327
2014-09-24,117.12,117.72,116.9,117.05,5518416
2014-09-25,116.3,117.76,116.2,117.39,7640357
2014-09-26,117.02,117.1,116.58,117.06,4185425
2014-09-29,117.27,117.4,116.9,117.03,4051047
2014-09-30,116.54,117.35,115.85,116.21,10174560
2014-10-01,116.61,117.26,116.59,116.77,7024201
2014-10-02,116.86,117.21,116.33,116.74,6352009
2014-10-03,115.17,115.51,114.42,114.61,11304593
2014-10-06,115.16,116.31,114.94,116.03,7647060
2014-10-07,116.31,116.63,116.09,116.36,5278476
2014-10-08,117.03,117.71,115.85,117.47,10675551
2014-10-09,117.86,118.26,117.49,117.64,6612637
2014-10-10,117.7,117.74,117.19,117.59,4653307
2014-10-13,118.14,118.66,117.93,118.52,5397633
2014-10-14,118.58,118.82,118.35,118.59,5180665
2014-10-15,119.23,120.18,118.59,118.99,9460425
2014-10-16,119.02,119.65,118.88,119.22,6550140
2014-10-17,119.06,119.23,118.42,118.99,8060834
2014-10-20,119.68,119.86,119.54,119.8,3034916
2014-10-21,120.27,120.5,119.9,120.02,4568269
2014-10-22,119.69,119.79,119.25,119.34,3741487
2014-10-23,118.71,118.82,117.88,118.52,6423205
2014-10-24,118.62,118.63,118.12,118.35,3611311
2014-10-27,118.18,118.37,118.01,118.06,2445376
2014-10-28,118.48,118.48,118.01,118.1,3262626
2014-10-29,117.65,117.91,116.14,116.41,7900772
2014-10-30,115.8,115.83,114.94,115.19,7852239
2014-10-31,111.83,112.88,111.66,112.66,18209615
2014-11-03,112.39,112.68,112.0,112.15,6605175
2014-11-04,112.12,112.71,112.08,112.22,6430111
2014-11-05,109.92,110.84,109.67,109.79,13560114
2014-11-06,109.92,110.49,109.75,109.88,7019854
2014-11-07,110.78,113.15,110.73,112.97,10916540
2014-11-10,112.24,112.24,110.28,110.46,8548523
2014-11-11,111.08,112.76,110.87,112.04,8603165
2014-11-12,112.05,112.17,111.23,111.5,5133300
2014-11-13,111.89,112.26,111.22,111.67,4874598
2014-11-14,110.76,114.72,110.65,114.47,14173586
2014-11-17,113.97,114.27,113.56,114.05,5440990
2014-11-18,114.86,115.17,114.55,115.05,5586694
2014-11-19,114.93,115.35,112.88,113.68,11997742
2014-11-20,114.57,115.02,114.09,114.86,5607779
2014-11-21,115.58,115.96,114.47,115.39,6564258
2014-11-24,115.15,115.37,114.79,115.11,4695022
2014-11-25,115.1,115.47,114.9,115.38,9051813
2014-11-26,115.25,115.34,114.98,115.16,3184017
2014-11-28,113.53,113.83,111.95,112.11,9616332
2014-12-01,113.8,117.36,113.74,116.58,15643964
2014-12-02,115.13,115.71,114.72,115.14,6378105
2014-12-03,115.68,116.76,115.56,116.33,5758821
2014-12-04,116.01,116.34,115.61,115.88,3623615
2014-12-05,115.16,115.18,114.24,114.43,6330980
2014-12-08,114.97,116.16,114.46,115.78,5224491
2014-12-09,117.04,118.99,116.98,118.19,10467158
2014-12-10,118.15,118.47,117.81,117.96,4277427
2014-12-11,116.98,118.38,116.82,117.69,5214467
2014-12-12,117.39,117.8,116.68,117.41,4736535
2014-12-15,116.22,116.97,114.36,114.39,8795987
2014-12-16,116.28,116.5,114.07,114.95,9173964
2014-12-17,115.1,115.48,113.58,114.27,9097329
2014-12-18,115.59,115.81,114.58,115.15,5258103
2014-12-19,115.06,115.22,114.77,114.77,4652333
2014-12-22,114.81,114.97,112.41,112.55,7483195
2014-12-23,112.88,113.32,112.61,112.74,7763327
2014-12-24,112.83,112.92,112.66,112.77,1501552
2014-12-26,114.82,114.98,114.53,114.83,3765581
2014-12-29,114.61,114.64,113.23,113.67,12963725
2014-12-30,114.99,116.26,114.9,115.2,7987311
2014-12-31,114.89,115.0,113.28,113.58,7624198
2015-01-02,112.49,114.8,112.32,114.08,7109594
2015-01-05,114.78,116.0,114.73,115.8,8177350
2015-01-06,116.22,117.5,115.8,117.12,11238313
2015-01-07,116.47,116.88,116.17,116.43,6434196
2015-01-08,116.45,116.87,115.85,115.94,7033675
2015-01-09,116.51,117.34,116.5,117.26,7962886
2015-01-12,117.46,118.71,117.32,118.56,8318211
2015-01-13,118.96,119.19,117.87,118.16,7693200
2015-01-14,119.08,119.32,117.9,117.97,7727403
2015-01-15,120.41,121.7,120.34,120.94,17692548
2015-01-16,121.73,123.15,121.7,122.52,14428223
2015-01-20,123.63,124.6,123.49,124.2,14968636
2015-01-21,125.18,125.34,123.37,124.23,11082739
2015-01-22,125.07,125.58,124.14,125.23,10518355
2015-01-23,124.43,124.5,123.35,124.23,6270911
2015-01-26,123.33,123.34,122.52,122.99,6768646
2015-01-27,123.56,124.64,123.51,124.4,9584838
2015-01-28,123.52,123.89,122.94,123.42,8470574
2015-01-29,121.99,122.29,120.26,120.76,11997964
2015-01-30,121.3,123.55,120.92,123.45,14555862
2015-02-02,121.84,123.16,121.82,122.42,8885189
2015-02-03,121.74,121.76,120.56,121.05,8255863
2015-02-04,121.63,122.22,120.92,121.58,5386747
2015-02-05,120.98,121.83,120.61,121.79,6879945
2015-02-06,119.15,119.52,117.95,118.64,13206906
2015-02-09,118.83,119.4,118.77,119.17,5237181
2015-02-10,118.63,119.06,118.21,118.47,4086321
2015-02-11,118.49,118.57,117.0,117.07,6784397
2015-02-12,117.68,117.82,117.09,117.34,4344444
2015-02-13,118.05,118.58,117.79,117.98,4108870
2015-02-17,116.4,116.54,115.58,116.01,7225154
2015-02-18,115.99,116.53,114.99,116.34,8336029
2015-02-19,116.4,116.54,115.74,115.94,6528724
2015-02-20,116.1,116.46,115.05,115.28,6681734
2015-02-23,115.11,116.22,115.07,115.43,4812393
2015-02-24,115.0,115.55,114.29,115.26,7612919
2015-02-25,115.83,115.89,115.33,115.7,5032535
2015-02-26,116.54,116.55,115.83,116.07,4025356
2015-02-27,116.74,117.07,116.16,116.16,8255636
2015-03-02,116.5,116.64,115.62,115.68,7993280
2015-03-03,116.04,116.61,115.35,115.47,4738347
2015-03-04,115.7,115.79,115.02,115.11,4762403
2015-03-05,115.43,116.12,114.84,115.0,5872197
2015-03-06,113.17,113.26,111.7,111.86,11190846
2015-03-09,112.42,112.62,111.95,111.97,5534011
2015-03-10,112.09,112.35,111.22,111.42,7019781
2015-03-11,111.23,111.25,110.16,110.75,6550445
2015-03-12,111.15,111.2,110.25,110.72,6631459
2015-03-13,111.1,111.28,110.51,110.88,4557576
2015-03-16,111.09,111.2,110.42,110.81,3265305
2015-03-17,109.92,111.35,109.77,110.21,8923264
2015-03-18,110.33,112.87,110.09,112.37,12448040
2015-03-19,111.85,112.58,111.58,112.29,6537743
2015-03-20,112.71,114.0,112.67,113.57,8033444
2015-03-23,113.7,114.37,113.49,114.29,4240258
2015-03-24,114.35,114.65,113.82,114.57,2979338
2015-03-25,115.11,115.14,114.65,114.73,3021437
2015-03-26,115.73,115.84,115.34,115.48,5495161
2015-03-27,115.14,115.36,114.45,115.06,4921741
2015-03-30,113.9,114.01,113.54,113.75,4383858
2015-03-31,113.84,114.28,113.41,113.66,4383314
2015-04-01,114.56,115.99,114.54,115.6,7324008
2015-04-02,115.47,115.72,114.68,115.28,3884072
2015-04-06,117.32,117.47,116.52,116.69,5914163
2015-04-07,116.27,116.51,115.94,116.11,2468498
2015-04-08,115.98,116.03,114.9,115.47,5568527
2015-04-09,114.8,114.85,114.48,114.67,4707044
2015-04-10,116.0,116.19,115.5,115.97,3932404
2015-04-13,115.35,115.39,114.8,115.14,3190149
2015-04-14,114.69,115.07,114.39,114.44,3651459
2015-04-15,114.8,115.6,114.47,115.43,3655950
2015-04-16,115.55,115.66,114.64,115.03,3132336
2015-04-17,115.38,115.79,115.23,115.6,3496313
2015-04-20,114.82,114.95,114.32,114.72,3932756
2015-04-21,114.72,115.56,114.65,115.38,3317715
2015-04-22,114.83,114.96,113.77,113.83,5695960
2015-04-23,113.9,114.96,113.81,114.66,3459495
2015-04-24,113.96,114.07,112.77,113.05,7152913
2015-04-27,113.87,115.82,113.67,115.33,7487557
2015-04-28,115.36,116.62,115.34,116.33,8054361
2015-04-29,116.06,116.39,115.28,115.51,7170477
2015-04-30,113.88,113.88,112.96,113.47,9440253
2015-05-01,112.42,113.31,112.28,113.08,7597006
2015-05-04,114.18,114.44,113.88,114.1,3648052
2015-05-05,114.89,115.11,114.39,114.42,3856520
2015-05-06,114.59,114.75,114.02,114.36,3280733
2015-05-07,113.84,114.01,113.32,113.42,5455090
2015-05-08,114.34,114.43,113.59,113.97,9964072
2015-05-11,114.09,114.31,113.08,113.53,2916745
2015-05-12,114.1,114.67,114.06,114.5,3256715
2015-05-13,115.74,116.93,115.68,116.55,11768224
2015-05-14,117.28,117.75,117.03,117.18,6923017
2015-05-15,116.8,117.63,116.68,117.53,4447333
2015-05-18,117.78,117.88,117.27,117.52,5079850
2015-05-19,116.55,116.73,115.65,115.89,5052147
2015-05-20,116.03,116.38,115.76,116.08,4432556
2015-05-21,115.53,116.0,115.47,115.69,2514693
2015-05-22,115.51,115.93,115.32,115.6,1780191
2015-05-26,113.84,114.23,113.7,113.91,5769580
2015-05-27,113.78,114.01,113.63,113.89,2681069
2015-05-28,113.85,114.16,113.21,114.02,5266016
2015-05-29,114.14,114.48,114.0,114.1,3407489
2015-06-01,115.02,115.5,113.9,114.0,8254034
2015-06-02,114.36,114.64,114.17,114.46,3988639
2015-06-03,114.13,114.37,113.08,113.64,4886054
2015-06-04,112.98,113.15,112.48,112.84,5566618
2015-06-05,111.6,112.39,111.57,112.24,5561283
2015-06-08,112.39,112.66,112.13,112.57,3122078
2015-06-09,113.15,113.23,112.71,112.82,3529924
2015-06-10,114.14,114.14,113.69,113.78,5452863
2015-06-11,113.27,113.41,112.92,113.26,4434731
2015-06-12,113.06,113.5,112.96,113.23,2998483
2015-06-15,113.28,114.15,113.21,113.73,5055086
2015-06-16,113.08,113.45,112.79,113.32,4033268
2015-06-17,113.07,114.04,112.63,113.85,6455983
2015-06-18,115.19,115.61,114.89,115.32,8041255
2015-06-19,115.34,115.46,114.95,115.12,4611647
2015-06-22,113.79,113.94,113.34,113.64,5763662
2015-06-23,112.96,113.17,112.79,112.89,4522797
2015-06-24,112.48,112.74,112.31,112.59,2975539
2015-06-25,112.43,112.71,112.32,112.44,2904711
2015-06-26,112.2,112.68,112.13,112.56,4392589
2015-06-29,112.81,113.23,112.53,113.07,5820226
2015-06-30,112.24,113.05,111.84,112.37,7897042
2015-07-01,112.12,112.51,111.94,111.98,4409026
2015-07-02,111.66,111.84,111.41,111.76,3838553
2015-07-06,111.71,112.58,111.63,112.06,4259775
2015-07-07,111.08,111.14,110.05,110.76,9073403
2015-07-08,111.38,111.65,111.08,111.09,5694941
2015-07-09,111.8,111.93,111.15,111.36,3802857
2015-07-10,111.18,111.71,111.03,111.49,3594918
2015-07-13,110.43,111.14,110.36,110.99,4279310
2015-07-14,111.0,111.08,110.63,110.74,2600955
2015-07-15,110.0,110.19,109.58,110.16,9286201
2015-07-16,109.67,110.01,109.6,109.76,4629683
2015-07-17,109.11,109.16,108.4,108.65,14858273
2015-07-20,106.6,106.65,105.62,105.7,15751735
2015-07-21,105.81,106.32,105.25,105.37,10519791
2015-07-22,104.39,105.09,104.18,104.8,8349201
2015-07-23,104.98,105.3,104.2,104.33,5779289
2015-07-24,103.61,105.59,103.43,105.35,11572679
2015-07-27,104.94,105.68,104.66,104.86,10690142
2015-07-28,105.09,105.33,104.83,105.02,5549222
2015-07-29,104.93,105.63,104.49,105.17,5616909
2015-07-30,104.03,104.97,103.86,104.27,6651960
2015-07-31,105.41,105.75,104.69,104.93,6689175
2015-08-03,104.59,104.82,104.05,104.1,3528596
2015-08-04,104.56,104.75,103.95,104.31,3241016
2015-08-05,104.42,104.5,103.78,103.93,5041015
2015-08-06,104.15,104.86,104.14,104.39,3908124
2015-08-07,104.56,105.38,104.55,104.65,4400915
2015-08-10,105.03,106.27,104.92,105.72,5892602
2015-08-11,106.49,106.63,105.77,106.26,4060892
2015-08-12,106.99,107.91,106.93,107.75,10022547
2015-08-13,106.95,107.18,106.71,106.86,4761682
2015-08-14,107.07,107.41,106.54,106.85,3509238
2015-08-17,107.37,107.51,107.0,107.13,5769080
2015-08-18,106.67,107.33,106.31,107.11,4121839
2015-08-19,107.63,108.67,107.63,108.55,7035087
2015-08-20,109.81,110.61,109.7,110.44,12474567
2015-08-21,110.93,111.33,110.12,111.13,13853508
2015-08-24,111.54,112.12,109.77,110.53,18045519
2015-08-25,110.01,110.05,108.72,109.16,9158491
2015-08-26,107.72,108.06,107.08,107.67,10720637
2015-08-27,107.33,108.04,107.11,107.73,8065122
2015-08-28,108.17,109.3,108.12,108.7,7515493
2015-08-31,108.19,108.92,108.03,108.82,4258540
2015-09-01,109.63,109.77,108.94,109.2,7068364
2015-09-02,109.01,109.34,108.46,108.62,4097891
2015-09-03,107.77,108.32,107.56,107.84,3842965
2015-09-04,107.14,107.56,107.07,107.49,4020398
2015-09-08,107.6,107.94,107.31,107.52,5829059
2015-09-09,106.64,106.71,105.48,106.13,8835660
2015-09-10,106.61,106.7,106.18,106.38,5410432
2015-09-11,105.65,106.2,105.27,106.16,4023312
2015-09-14,105.86,106.39,105.78,106.22,2349608
2015-09-15,105.83,106.06,105.68,105.9,2897582
2015-09-16,106.6,107.71,106.56,107.31,5243361
2015-09-17,107.07,108.58,106.96,108.41,6817146
2015-09-18,109.1,109.38,108.82,109.21,6776306
2015-09-21,108.49,108.66,108.33,108.53,4073643
2015-09-22,107.58,107.96,107.44,107.79,5478097
2015-09-23,108.54,108.64,108.2,108.22,2730372
2015-09-24,109.67,110.82,109.63,110.49,9150787
2015-09-25,109.87,110.03,109.55,109.81,4987797
2015-09-28,108.37,108.91,108.27,108.42,3797090
2015-09-29,108.24,108.69,107.88,107.98,3989148
2015-09-30,106.78,107.08,106.47,106.86,7247913
2015-10-01,106.98,107.21,106.63,106.73,4232628
2015-10-02,108.54,109.32,108.54,108.99,7715321
2015-10-05,109.14,109.38,108.46,108.77,5489027
2015-10-06,109.8,110.26,109.63,109.86,7464661
2015-10-07,109.75,110.14,109.34,109.7,5355239
2015-10-08,109.16,110.27,109.06,109.14,4997821
2015-10-09,110.54,111.05,110.23,110.87,6886452
2015-10-12,111.67,111.73,111.01,111.31,5615037
2015-10-13,111.36,111.87,111.28,111.86,4776688
2015-10-14,112.63,113.95,112.3,113.81,9683388
2015-10-15,113.2,113.99,112.94,113.31,13734146
2015-10-16,113.24,113.44,112.43,112.49,6678560
2015-10-19,112.64,112.69,111.89,112.02,3936314
2015-10-20,112.38,113.09,112.38,112.73,4890565
2015-10-21,112.37,112.37,111.41,111.73,3890732
2015-10-22,111.52,112.21,111.43,111.69,3432065
2015-10-23,111.81,111.84,110.96,111.5,4743030
2015-10-26,111.73,111.98,111.33,111.43,2570712
2015-10-27,111.31,111.81,111.29,111.68,2644025
2015-10-28,112.68,113.25,110.31,110.78,8128546
2015-10-29,110.23,110.6,109.66,109.72,5148315
2015-10-30,109.5,109.58,109.06,109.3,5540578
2015-11-02,108.64,108.84,108.46,108.59,5833868
2015-11-03,107.79,107.81,106.68,106.98,7087371
2015-11-04,107.02,107.09,105.92,105.97,7396518
2015-11-05,106.01,106.1,105.58,105.64,5924922
2015-11-06,104.17,104.42,104.02,104.1,8822009
2015-11-09,104.29,104.58,104.19,104.4,3890462
2015-11-10,104.09,104.65,103.87,104.18,4427915
2015-11-11,104.09,104.23,103.78,103.83,3311432
2015-11-12,103.09,104.32,103.04,103.85,6297410
2015-11-13,103.54,103.74,103.45,103.56,3177545
2015-11-16,103.98,104.03,103.52,103.71,2949509
2015-11-17,103.38,103.4,101.98,102.34,8591823
2015-11-18,102.39,102.95,102.04,102.43,5038480
2015-11-19,103.07,104.09,103.07,103.56,4853529
2015-11-20,103.58,103.66,102.97,103.09,5780943
2015-11-23,102.48,102.75,102.16,102.26,4040696
2015-11-24,103.12,103.25,102.69,102.94,3479351
2015-11-25,102.47,102.69,102.21,102.46,2931291
2015-11-27,101.01,101.62,100.99,101.25,4992078
2015-11-30,101.53,102.38,101.52,101.92,6380688
2015-12-01,102.3,102.43,101.81,102.28,4644136
2015-12-02,101.35,101.35,100.53,100.69,10205253
2015-12-03,101.23,101.97,100.84,101.76,6499935
2015-12-04,102.74,104.21,102.65,104.02,10670249
2015-12-07,103.32,103.37,102.5,102.67,4393461
2015-12-08,103.13,103.26,102.53,102.84,3412291
2015-12-09,103.63,103.66,102.32,102.64,6026283
2015-12-10,102.51,102.82,102.34,102.55,3853545
2015-12-11,101.91,103.32,101.85,103.11,6798411
2015-12-14,102.58,102.72,101.74,101.79,5536914
2015-12-15,101.71,102.06,101.41,101.52,6831064
2015-12-16,102.59,103.2,101.66,102.75,8292194
2015-12-17,100.92,100.99,100.23,100.5,10156223
2015-12-18,101.35,102.53,101.3,102.04,8345864
2015-12-21,102.95,103.52,102.83,103.15,6378892
2015-12-22,103.09,103.2,102.56,102.61,4123512
2015-12-23,102.4,102.59,102.21,102.31,2821380
2015-12-24,102.82,103.05,102.77,103.05,1710153
2015-12-28,102.48,102.6,102.03,102.27,3356190
2015-12-29,102.52,102.58,102.11,102.2,2832238
2015-12-30,101.47,101.6,101.34,101.42,3744959
2015-12-31,101.48,101.72,101.31,101.46,3823564
2016-01-04,103.13,103.67,102.48,102.89,6319555
2016-01-05,103.13,103.46,102.93,103.18,3500272
2016-01-06,104.37,104.8,103.93,104.67,9316599
2016-01-07,105.83,106.24,105.19,106.15,11730376
2016-01-08,105.48,105.8,105.04,105.68,7678153
2016-01-11,105.47,105.57,104.71,104.74,6272359
2016-01-12,104.09,104.59,103.65,104.21,5540231
2016-01-13,103.89,104.82,103.78,104.72,6820813
2016-01-14,103.75,104.18,102.5,103.02,9988880
2016-01-15,104.92,104.96,103.96,104.08,10042922
2016-01-19,104.06,104.45,103.65,103.98,4587773
2016-01-20,105.17,106.16,104.94,105.37,10099914
2016-01-21,104.99,105.49,104.52,105.49,5424168
2016-01-22,104.93,105.51,104.76,105.0,4170785
2016-01-25,105.76,106.09,105.6,106.08,6809104
2016-01-26,106.32,107.43,106.26,107.29,8436866
2016-01-27,106.86,107.93,106.65,107.69,7571641
2016-01-28,106.55,106.86,106.48,106.54,5912367
2016-01-29,106.61,107.0,106.26,106.95,8084942
2016-02-01,107.54,108.15,107.53,108.05,10076082
2016-02-02,107.92,108.18,107.35,108.09,6651733
2016-02-03,107.91,109.58,107.9,109.25,15678540
2016-02-04,110.45,110.7,109.92,110.57,13204016
2016-02-05,109.79,112.35,109.58,112.32,14421700
2016-02-08,113.67,114.87,113.39,113.83,27072692
2016-02-09,114.43,114.69,113.55,113.58,18053031
2016-02-10,113.92,114.52,112.98,114.46,13239875
2016-02-11,118.59,120.84,117.77,119.06,48811875
2016-02-12,118.12,118.74,117.88,118.36,16962344
2016-02-16,116.0,116.31,114.74,114.77,14482200
2016-02-17,115.47,116.07,114.89,115.48,10578173
2016-02-18,115.3,118.6,115.29,118.29,13430086
2016-02-19,117.26,117.96,117.1,117.58,14888135
2016-02-22,115.44,116.19,115.41,115.49,9916675
2016-02-23,116.68,117.42,116.52,117.22,9012567
2016-02-24,119.0,119.86,117.35,117.61,17754973
2016-02-25,117.62,118.91,117.54,117.92,12463602
2016-02-26,117.43,117.72,115.86,117.11,12493830
2016-02-29,117.59,118.7,117.53,118.64,11480531
2016-03-01,118.74,119.11,117.34,117.77,14129531
2016-03-02,118.34,118.97,118.07,118.68,8632239
2016-03-03,118.86,121.3,118.81,120.73,18670831
2016-03-04,121.13,122.37,120.22,120.54,16253961
2016-03-07,121.18,121.58,120.41,121.14,9346336
2016-03-08,121.79,121.88,120.47,120.58,11519401
2016-03-09,119.2,120.39,118.84,119.58,8535774
2016-03-10,120.5,121.76,120.42,121.5,18092635
2016-03-11,121.19,121.38,119.36,119.41,10285807
2016-03-14,120.27,120.31,117.5,117.87,14181810
2016-03-15,117.78,118.04,117.36,117.96,9941816
2016-03-16,117.42,120.76,117.34,120.59,17304837
2016-03-17,121.16,121.18,120.03,120.13,9716706
2016-03-18,119.59,120.34,119.51,119.8,9451872
2016-03-21,119.0,119.33,118.73,118.96,7238678
2016-03-22,119.73,120.16,118.96,119.31,6448321
2016-03-23,116.74,117.12,116.16,116.61,15971287
2016-03-24,116.77,116.94,116.3,116.33,6237227
2016-03-28,116.73,116.91,116.27,116.6,3736430
2016-03-29,117.36,118.81,116.8,118.76,14206307
2016-03-30,117.88,118.2,116.91,117.1,10644748
2016-03-31,118.16,118.39,117.6,117.64,9304476
2016-04-01,116.08,116.98,115.55,116.93,10393016
2016-04-04,116.67,116.73,116.07,116.15,7272321
2016-04-05,117.76,117.93,117.15,117.66,8855628
2016-04-06,116.7,117.38,116.26,116.94,7430116
2016-04-07,118.65,118.85,115.0,118.61,11807487
2016-04-08,118.07,118.77,117.98,118.43,9037877
2016-04-11,119.47,120.3,119.42,120.03,9828584
2016-04-12,120.23,120.34,119.55,120.05,9618828
2016-04-13,119.37,119.43,118.56,118.77,8288382
2016-04-14,118.09,118.19,116.95,117.11,13151278
2016-04-15,117.33,118.12,117.19,117.92,7751089
2016-04-18,118.53,118.56,117.63,117.74,5798758
2016-04-19,119.87,120.09,119.37,119.58,20470789
2016-04-20,119.67,120.08,118.72,118.97,10089103
2016-04-21,120.42,120.55,119.13,119.43,14591985
2016-04-22,118.71,119.02,117.28,117.89,9984027
2016-04-25,118.14,118.71,118.11,118.23,4362444
2016-04-26,118.79,118.89,118.45,118.7,9881728
2016-04-27,118.97,119.7,118.43,119.04,7965623
2016-04-28,119.92,121.42,119.73,121.29,15044339
2016-04-29,122.43,123.93,122.34,123.65,18687599
2016-05-02,123.78,123.96,123.04,123.24,12121320
2016-05-03,123.73,123.82,122.51,122.96,9051137
2016-05-04,122.85,123.23,121.51,122.21,9348660
2016-05-05,122.63,122.73,121.25,122.07,8826999
2016-05-06,122.83,123.8,122.59,123.18,11305739
2016-05-09,121.2,121.28,120.59,120.65,9197684
2016-05-10,120.74,121.38,120.08,120.98,9128616
2016-05-11,121.85,122.16,121.38,122.12,7571323
2016-05-12,122.02,122.39,121.0,121.16,7435863
2016-05-13,121.09,121.86,120.66,121.71,7664769
2016-05-16,122.93,122.97,121.38,121.8,7069755
2016-05-17,121.58,122.52,121.48,122.22,8578494
2016-05-18,121.22,121.92,119.88,120.1,13368732
2016-05-19,119.0,119.98,118.92,119.87,13604777
2016-05-20,120.19,120.32,119.31,119.71,10371500
2016-05-23,118.86,119.6,118.75,119.37,8601563
2016-05-24,118.17,118.23,117.25,117.3,12697313
2016-05-25,116.59,117.06,116.32,116.98,10487597
2016-05-26,117.57,117.63,116.39,116.58,5886269
2016-05-27,116.27,116.36,115.29,115.62,8677991
2016-05-31,115.76,116.4,115.5,116.06,8187605
2016-06-01,115.97,116.14,115.2,115.94,8399598
2016-06-02,115.78,115.97,115.58,115.67,4591562
2016-06-03,118.25,118.89,118.23,118.88,14605056
2016-06-06,118.89,119.17,118.46,118.92,9887863
2016-06-07,118.5,119.02,118.41,118.82,4602865
2016-06-08,120.3,120.78,120.23,120.58,11661736
2016-06-09,120.61,121.48,120.55,121.25,12173954
2016-06-10,121.55,122.1,121.18,121.74,13939966
2016-06-13,122.8,122.83,122.03,122.64,12594223
2016-06-14,123.0,123.06,122.3,122.77,11651694
2016-06-15,122.52,123.87,122.38,123.68,15053005
2016-06-16,125.17,125.67,122.23,122.38,26635004
2016-06-17,123.26,124.1,122.69,123.95,15573825
2016-06-20,122.26,123.33,122.13,123.21,11866200
2016-06-21,121.65,121.86,120.77,120.84,14585633
2016-06-22,120.83,121.25,120.68,120.9,7861000
2016-06-23,120.49,121.03,120.06,120.11,10704904
2016-06-24,126.62,126.82,125.0,126.01,35782892
2016-06-27,126.44,127.05,125.83,126.68,21400484
2016-06-28,125.56,126.02,125.06,125.32,16001451
2016-06-29,125.91,126.81,125.7,125.84,12218444
2016-06-30,125.95,126.52,125.5,126.47,15981577
2016-07-01,127.66,128.42,127.44,128.41,14940706
2016-07-05,128.8,129.59,128.17,129.47,19026247
2016-07-06,130.5,131.15,129.82,130.23,17376671
2016-07-07,129.82,130.12,128.98,129.74,16508526
2016-07-08,129.85,130.52,128.97,130.52,17634218
2016-07-11,129.49,129.9,129.16,129.29,10855630
2016-07-12,128.52,128.54,126.99,127.15,26459620
2016-07-13,128.0,128.43,127.61,128.32,7377686
2016-07-14,126.31,127.37,126.03,127.33,12132423
2016-07-15,126.38,127.19,126.33,126.84,13892073
2016-07-18,127.02,127.5,126.63,127.04,8489677
2016-07-19,126.95,127.35,126.82,127.21,5170665
2016-07-20,125.5,126.12,125.31,125.39,11777708
2016-07-21,125.66,127.37,125.6,127.3,9399212
2016-07-22,126.43,126.52,126.01,126.35,7716032
2016-07-25,125.53,126.21,125.11,125.47,13139408
2016-07-26,126.09,126.14,125.74,126.0,7613155
2016-07-27,126.79,128.12,126.04,128.03,17066363
2016-07-28,128.09,128.2,127.2,127.66,9261756
2016-07-29,128.42,129.41,127.88,128.98,13708194
2016-08-01,128.57,129.34,128.56,129.22,7109898
2016-08-02,130.04,130.55,129.94,130.27,7652767
2016-08-03,129.95,129.96,129.27,129.65,5010703
2016-08-04,130.01,130.28,129.82,129.87,4908131
2016-08-05,128.46,128.55,127.39,127.55,16205122
2016-08-08,127.29,127.7,127.27,127.44,6773804
2016-08-09,127.94,128.14,127.75,127.96,7500421
2016-08-10,129.12,129.2,128.15,128.56,6196202
2016-08-11,128.61,129.19,127.48,127.67,9763821
2016-08-12,129.12,129.26,127.2,127.4,15395846
2016-08-15,127.62,128.25,127.6,127.84,4530841
2016-08-16,128.12,129.04,128.0,128.47,8678143
2016-08-17,128.17,128.99,127.46,128.5,12034752
2016-08-18,128.89,129.17,128.58,129.11,9500636
2016-08-19,128.08,128.67,127.86,127.97,10660119
2016-08-22,127.63,127.92,127.45,127.78,8627222
2016-08-23,128.14,128.22,127.61,127.76,9038482
2016-08-24,126.92,126.97,126.3,126.34,13539655
2016-08-25,125.98,126.31,125.96,126.23,5926294
2016-08-26,126.88,128.11,125.82,126.05,17967738
2016-08-29,126.0,126.48,125.93,126.3,5562409
2016-08-30,125.73,125.95,124.88,125.03,9877044
2016-08-31,124.73,125.11,124.64,124.78,13324105
2016-09-01,124.67,125.51,124.55,125.29,12877745
2016-09-02,126.29,126.57,125.58,126.57,11278200
2016-09-06,127.4,129.08,127.27,128.71,15115279
2016-09-07,128.79,128.86,128.12,128.27,8859847
2016-09-08,128.16,128.52,127.4,127.59,10561791
2016-09-09,127.24,127.51,126.7,126.75,12485597
2016-09-12,126.31,126.92,125.97,126.59,11140336
2016-09-13,126.47,126.6,125.53,125.75,8866372
2016-09-14,126.1,126.54,126.03,126.18,5820694
2016-09-15,125.73,126.1,124.91,125.37,12978856
2016-09-16,124.81,125.24,124.67,125.06,18995065
2016-09-19,125.61,125.62,125.25,125.32,4959637
2016-09-20,125.31,125.59,125.17,125.44,5672021
2016-09-21,126.33,127.42,125.96,127.27,13646448
2016-09-22,127.57,128.2,127.5,127.57,15188007
2016-09-23,127.6,127.86,127.43,127.65,7702291
2016-09-26,127.96,128.04,127.42,127.55,5842740
2016-09-27,126.86,126.9,126.34,126.62,6220662
2016-09-28,126.25,126.4,125.73,126.22,6757652
2016-09-29,125.84,126.34,125.54,126.07,7448407
2016-09-30,126.52,126.55,125.24,125.64,11204261
2016-10-03,125.32,125.46,124.9,125.32,9044105
2016-10-04,123.16,123.18,120.86,120.97,24372722
2016-10-05,121.33,121.59,120.4,120.78,14718120
2016-10-06,119.69,119.98,119.24,119.66,17917672
2016-10-07,120.49,120.58,118.42,119.74,17907270
2016-10-10,120.16,120.42,119.92,120.16,4514368
2016-10-11,119.92,120.16,119.53,119.55,6065330
2016-10-12,119.72,120.07,119.29,119.74,4848622
2016-10-13,120.0,120.42,119.8,120.03,7184647
2016-10-14,119.37,120.16,119.29,119.36,6577309
2016-10-17,119.7,119.92,119.58,119.68,4777878
2016-10-18,120.08,120.64,119.82,120.42,4919730
2016-10-19,121.13,121.46,120.89,121.11,6019772
2016-10-20,121.39,121.59,120.63,120.74,6496724
2016-10-21,120.9,120.92,120.55,120.83,6707783
2016-10-24,121.28,121.3,120.16,120.56,5481119
2016-10-25,120.89,121.76,120.86,121.47,6141110
2016-10-26,121.37,121.53,120.61,120.79,3905914
2016-10-27,121.11,121.18,120.75,121.01,4335994
2016-10-28,121.2,122.48,120.81,121.58,11639887
2016-10-31,121.51,122.0,121.23,121.94,7722055
2016-11-01,122.8,123.21,122.57,122.73,13384307
2016-11-02,123.76,124.76,123.56,123.64,15692420
2016-11-03,123.36,124.33,123.35,124.3,10093107
2016-11-04,124.4,124.54,124.04,124.39,8594613
2016-11-07,122.66,122.71,121.88,122.15,10014986
2016-11-08,122.12,123.09,121.36,121.64,9480647
2016-11-09,124.3,124.35,121.1,121.56,18236450
2016-11-10,121.52,121.54,119.38,119.75,22267962
2016-11-11,119.65,119.69,116.23,117.1,20381828
2016-11-14,116.12,117.14,115.49,116.11,20729377
2016-11-15,116.46,117.24,116.29,117.12,9348572
2016-11-16,117.27,117.27,116.58,116.77,5486129
2016-11-17,116.91,117.22,115.44,116.17,10324091
2016-11-18,115.52,115.77,114.96,115.15,10444285
2016-11-21,115.72,115.94,115.29,115.58,6654155
2016-11-22,115.72,115.79,114.98,115.54,6391928
2016-11-23,113.87,113.88,112.65,113.25,20982117
2016-11-25,113.42,113.51,112.35,112.61,5345889
2016-11-28,113.23,113.84,112.77,113.8,5655402
2016-11-29,112.76,113.48,112.69,113.27,7438616
2016-11-30,112.69,112.79,111.5,111.75,10925538
2016-12-01,111.11,111.99,110.63,111.54,10236970
2016-12-02,111.89,112.32,111.78,112.14,7416468
2016-12-05,111.15,112.11,110.31,111.54,10187891
2016-12-06,111.69,112.03,111.19,111.43,5533689
2016-12-07,112.13,112.5,111.77,111.83,4901840
2016-12-08,111.72,111.87,111.46,111.57,5977792
2016-12-09,111.18,111.25,110.19,110.4,10507697
2016-12-12,110.59,111.11,110.27,110.82,6156717
2016-12-13,110.57,110.79,110.06,110.45,7961600
2016-12-14,110.95,110.98,108.52,108.83,12933647
2016-12-15,107.85,107.99,107.0,107.34,14427539
2016-12-16,107.95,108.78,107.48,108.05,10602807
2016-12-19,108.6,108.88,108.34,108.59,5339066
2016-12-20,107.47,108.0,107.29,107.79,7321100
2016-12-21,108.25,108.31,107.68,107.85,5188680
2016-12-22,107.68,108.1,107.49,107.59,4942759
2016-12-23,107.84,108.25,107.8,107.93,5012242
2016-12-27,108.61,108.67,108.24,108.56,3685504
2016-12-28,108.4,108.91,108.29,108.86,5091228
2016-12-29,109.23,110.53,109.16,110.29,7563896
2016-12-30,110.38,110.62,109.53,109.61,8873725
